country,year,status,life_expectancy,adult_mortality,infant_deaths,alcohol,percentage_expenditure,hepatitis_B,measles,BMI,under_five_deaths,polio,total_expenditure,diphtheria,HIV_AIDS,GDP,population,thinness_1_19_years,thinness_5_9_years,income_composition_of_resources,schooling,country_code,region,life_expectancy_rank
Germany,2014,Developed,89.0,69.0,2.0,11.03,941.7562909,88.0,443.0,61.9,3.0,94.0,11.3,95.0,0.1,4792.65288,89825.0,1.1,1.1,0.92,17.0,DEU,Europe,2.5
Finland,2014,Developing,89.0,78.0,0.0,8.8,6164.455402,80.94046121593291,0.0,61.7,0.0,98.0,9.68,98.0,0.1,49914.61864,5461512.0,0.9,0.8,0.89,17.0,FIN,Europe,2.5
Belgium,2014,Developed,89.0,76.0,0.0,12.6,7163.348923,98.0,70.0,63.4,1.0,99.0,1.59,99.0,0.1,47439.39684,112957.0,1.0,1.0,0.89,16.3,BEL,Europe,2.5
Spain,2007,Developed,89.0,72.0,2.0,11.05,510.9327012,96.0,267.0,61.7,2.0,96.0,8.36,96.0,0.1,3279.414,4522683.0,0.6,0.5,0.849,16.0,ESP,Europe,2.0
Norway,2009,Developed,89.0,67.0,0.0,6.68,142.3749426,80.94046121593291,2.0,58.5,0.0,94.0,9.49,94.0,0.1,817.77681,4828726.0,0.7,0.7,0.936,17.4,NOR,Europe,1.0
Portugal,2014,Developed,89.0,78.0,0.0,9.88,271.2545531,98.0,0.0,6.9,0.0,98.0,9.5,98.0,0.1,2277.53613,14162.0,0.7,0.5,0.837,16.8,PRT,Europe,2.5
Italy,2004,Developed,89.0,66.0,2.0,8.98,4270.914882,96.0,599.0,57.6,3.0,97.0,8.49,94.0,0.1,31174.56118,57685327.0,0.5,0.5,0.846,15.6,ITA,Europe,1.0
Sweden,2007,Developed,89.0,63.0,0.0,6.9,7593.391622,80.94046121593291,1.0,56.1,0.0,98.0,8.92,98.0,0.1,53324.37937,914892.0,1.3,1.3,0.895,15.8,SWE,Europe,2.0
France,2007,Developing,89.0,89.0,3.0,12.2,64.73714894,42.0,39.0,58.6,3.0,99.0,1.45,98.0,0.1,416.58397,6416229.0,0.6,0.6,0.873,16.1,FRA,Europe,2.0
France,2008,Developing,89.0,88.0,3.0,11.9,7002.785925,47.0,604.0,59.1,3.0,98.0,1.57,98.0,0.1,45413.6571,6437499.0,0.6,0.6,0.877,16.1,FRA,Europe,1.0
New Zealand,2010,Developed,89.0,71.0,0.0,9.62,6664.148708,9.0,43.0,64.8,0.0,93.0,11.2,93.0,0.1,33691.34837,12753375.12,0.3,0.3,0.899,20.3,NZL,Oceania,1.0
Netherlands,2010,Developed,88.0,64.0,1.0,9.33,1035.621437,80.94046121593291,15.0,59.3,1.0,97.0,1.48,97.0,0.1,5338.25483,16615394.0,1.0,0.9,0.906,17.0,NLD,Europe,1.0
Greece,2014,Developing,88.0,73.0,0.0,7.53,2163.043414,96.0,1.0,66.0,0.0,99.0,8.8,99.0,0.1,21673.7817,1892413.0,0.8,0.7,0.862,17.2,GRC,Europe,5.0
Iceland,2004,Developed,88.0,65.0,0.0,6.79,8506.101443,80.94046121593291,0.0,56.5,0.0,99.0,9.59,99.0,0.1,46917.27216,29274.0,1.0,0.9,0.873,18.3,ISL,Europe,2.0
Slovenia,2015,Developed,88.0,74.0,0.0,4.602860787172012,0.0,80.94046121593291,18.0,6.1,0.0,95.0,5.9381895280235995,95.0,0.1,2729.86383,263531.0,1.4,1.3,0.888,17.3,SVN,Europe,1.0
Luxembourg,2011,Developed,88.0,72.0,0.0,11.5,17028.52798,95.0,6.0,59.6,0.0,96.0,7.34,99.0,0.1,115761.577,518347.0,0.9,0.9,0.894,13.9,LUX,Europe,1.5
Austria,2012,Developed,88.0,7.0,0.0,12.26,7878.372355,92.0,36.0,56.1,0.0,92.0,11.17,92.0,0.1,48333.57273,8429991.0,1.8,2.0,0.884,15.7,AUT,Europe,1.0
Spain,2006,Developed,88.0,73.0,2.0,11.86,4460.390006,97.0,362.0,61.1,2.0,98.0,8.23,98.0,0.1,28482.6948,44397319.0,0.6,0.5,0.844,15.9,ESP,Europe,1.5
Austria,2011,Developed,88.0,73.0,0.0,12.04,8272.306757,89.0,68.0,55.7,0.0,89.0,1.94,89.0,0.1,51126.74139,8391643.0,1.7,2.0,0.88,15.7,AUT,Europe,1.5
Sweden,2006,Developed,88.0,64.0,0.0,6.5,6369.516139,80.94046121593291,19.0,55.7,0.0,98.0,8.95,98.0,0.1,46256.4716,9855.0,1.3,1.3,0.892,15.9,SWE,Europe,1.5
Italy,2005,Developed,88.0,66.0,2.0,8.65,4506.255963,96.0,135.0,58.2,2.0,97.0,8.71,95.0,0.1,31959.26215,57969484.0,0.5,0.5,0.851,15.8,ITA,Europe,1.0
Singapore,2006,Developed,87.0,66.0,0.0,1.55,2639.376955,95.0,23.0,3.5,0.0,95.0,3.66,95.0,0.1,33579.85948,12753375.12,2.1,2.0,0.839,13.9,SGP,Asia,1.0
Iceland,2003,Developed,87.0,65.0,0.0,6.61,725.4853161,80.94046121593291,0.0,55.9,0.0,97.0,1.7,97.0,0.1,3944.999,289521.0,1.0,0.9,0.866,17.6,ISL,Europe,1.0
Canada,2008,Developing,87.0,74.0,2.0,8.3,8433.936814,28.0,62.0,63.0,2.0,89.0,1.3,92.0,0.1,46596.33599,33245773.0,0.5,0.4,0.897,15.8,CAN,North America,1.0
Belgium,2013,Developed,87.0,77.0,0.0,11.77,702.359357,98.0,39.0,63.0,1.0,99.0,1.57,99.0,0.1,4651.38647,11182817.0,1.0,0.9,0.889,16.3,BEL,Europe,2.0
Republic of Korea,2010,Developing,87.0,74.0,2.0,9.23,0.0,94.0,114.0,29.5,2.0,95.0,6.79,94.0,0.1,7483.158469138474,12753375.12,1.5,1.0,0.6275510645976182,11.992792792792793,KOR,Asia,1.0
Finland,2013,Developing,87.0,79.0,0.0,8.97,6115.496624,80.94046121593291,2.0,61.4,0.0,98.0,9.55,98.0,0.1,49638.7713,5438972.0,0.9,0.8,0.887,17.0,FIN,Europe,2.0
United Kingdom of Great Britain and Northern Ireland,2013,Developed,87.0,72.0,3.0,10.32,0.0,80.94046121593291,1919.0,65.4,4.0,95.0,9.34,95.0,0.1,7483.158469138474,12753375.12,0.8,0.5,0.6275510645976182,11.992792792792793,GBR,Europe,2.0
Malta,2011,Developed,87.0,59.0,0.0,6.91,3601.287457,82.0,3.0,68.0,0.0,96.0,9.6,96.0,0.1,22821.847,416268.0,0.8,0.7,0.826,14.8,MLT,Europe,3.0
Ireland,2010,Developed,86.0,68.0,0.0,11.88,4509.234803,46.0,443.0,58.9,0.0,94.0,8.76,94.0,0.1,48538.58776,456155.0,0.3,0.2,0.907,18.2,IRL,Europe,2.5
United Kingdom of Great Britain and Northern Ireland,2012,Developed,86.0,72.0,3.0,10.42,0.0,80.94046121593291,2092.0,64.8,4.0,95.0,9.41,95.0,0.1,7483.158469138474,12753375.12,0.8,0.5,0.6275510645976182,11.992792792792793,GBR,Europe,2.5
New Zealand,2011,Developed,86.0,72.0,0.0,9.47,8342.405764,95.0,597.0,65.3,0.0,95.0,11.24,95.0,0.1,38426.5581,12753375.12,0.3,0.3,0.901,19.7,NZL,Oceania,1.0
United Kingdom of Great Britain and Northern Ireland,2011,Developed,86.0,74.0,3.0,10.68,0.0,80.94046121593291,1112.0,64.2,4.0,95.0,9.34,95.0,0.1,7483.158469138474,12753375.12,0.8,0.5,0.6275510645976182,11.992792792792793,GBR,Europe,4.0
Australia,2004,Developed,86.0,69.0,1.0,9.84,588.568371,95.0,70.0,6.9,1.0,92.0,8.57,92.0,0.1,3472.37977,21274.0,0.7,0.6,0.908,20.7,AUS,Oceania,1.0
Republic of Korea,2009,Developing,86.0,75.0,2.0,8.97,0.0,94.0,17.0,29.1,2.0,95.0,6.66,94.0,0.1,7483.158469138474,12753375.12,1.5,1.0,0.6275510645976182,11.992792792792793,KOR,Asia,1.0
Netherlands,2009,Developed,86.0,65.0,1.0,9.23,96.8585885,80.94046121593291,15.0,58.6,1.0,97.0,1.29,97.0,0.1,519.349,1653388.0,1.0,0.9,0.906,16.9,NLD,Europe,2.0
Greece,2013,Developing,86.0,74.0,0.0,7.46,2183.106986,98.0,3.0,65.4,0.0,99.0,9.26,99.0,0.1,21874.8195,1965211.0,0.8,0.7,0.86,17.1,GRC,Europe,5.0
Denmark,2015,Developed,86.0,71.0,0.0,4.602860787172012,0.0,80.94046121593291,9.0,58.8,0.0,93.0,5.9381895280235995,93.0,0.1,5314.64416,5683483.0,1.1,0.9,0.923,19.2,DNK,Europe,2.0
France,2006,Developing,86.0,92.0,3.0,12.4,5689.991931,39.0,40.0,58.0,4.0,99.0,1.53,99.0,0.1,36544.5853,63621376.0,0.6,0.6,0.87,16.1,FRA,Europe,3.0
Germany,2013,Developed,86.0,71.0,2.0,10.94,895.8779503,88.0,1771.0,61.4,3.0,94.0,11.16,95.0,0.1,4653.91143,864565.0,1.1,1.1,0.919,16.9,DEU,Europe,5.0
Portugal,2013,Developed,86.0,79.0,0.0,10.0,2698.01817,98.0,1.0,6.2,0.0,98.0,9.55,98.0,0.1,21618.73534,1457295.0,0.7,0.5,0.827,16.3,PRT,Europe,5.0
Germany,2012,Developed,86.0,71.0,2.0,11.18,839.91332,88.0,166.0,6.9,3.0,94.0,1.99,95.0,0.1,4465.24891,8425823.0,1.1,1.1,0.916,16.9,DEU,Europe,2.5
Norway,2008,Developed,86.0,67.0,0.0,6.75,1707.130633,80.94046121593291,4.0,58.0,0.0,94.0,8.4,94.0,0.1,9688.5961,4768212.0,0.7,0.7,0.936,17.6,NOR,Europe,2.0
Luxembourg,2010,Developed,86.0,73.0,0.0,11.36,2267.252192,94.0,0.0,59.2,0.0,96.0,7.68,99.0,0.1,14965.361,56953.0,0.9,0.9,0.884,13.7,LUX,Europe,2.5
Ireland,2012,Developed,85.0,69.0,0.0,11.49,6616.695125,95.0,107.0,6.5,0.0,95.0,8.32,95.0,0.1,49231.36254,4586897.0,0.3,0.2,0.895,18.5,IRL,Europe,4.0
Chile,2015,Developing,85.0,82.0,2.0,4.602860787172012,0.0,97.0,9.0,63.8,2.0,96.0,5.9381895280235995,96.0,0.1,13653.2264,17762681.0,0.8,0.8,0.845,16.3,CHL,South America,1.0
Canada,2006,Developing,85.0,75.0,2.0,8.2,771.1817686,14.0,13.0,61.9,2.0,95.0,9.75,95.0,0.1,4386.69948,325755.0,0.5,0.4,0.891,15.8,CAN,North America,1.0
Canada,2007,Developing,85.0,74.0,2.0,8.3,7946.743581,14.0,101.0,62.5,2.0,9.0,9.83,94.0,0.1,44544.5268,32887928.0,0.5,0.4,0.894,15.8,CAN,North America,1.0
Cyprus,2015,Developed,85.0,52.0,0.0,4.602860787172012,0.0,97.0,0.0,6.3,0.0,97.0,5.9381895280235995,97.0,0.1,2375.1127,116985.0,1.0,1.0,0.854,14.3,CYP,Asia,1.0
New Zealand,2009,Developed,85.0,73.0,0.0,9.24,63.57705167,93.0,198.0,64.3,0.0,92.0,11.21,92.0,0.1,282.94193,12753375.12,0.3,0.3,0.895,19.3,NZL,Oceania,1.0
Sweden,2005,Developed,85.0,66.0,0.0,6.5,599.0392403,80.94046121593291,13.0,55.3,0.0,98.0,9.6,98.0,0.1,4385.35315,929572.0,1.3,1.3,0.89,16.0,SWE,Europe,2.0
Switzerland,2003,Developed,85.0,72.0,0.0,10.82,842.2768087,80.94046121593291,574.0,52.3,0.0,95.0,1.93,93.0,0.1,4796.56497,73391.0,0.6,0.5,0.889,15.0,CHE,Europe,2.0
Norway,2007,Developed,85.0,67.0,0.0,6.6,14829.41215,80.94046121593291,0.0,57.5,0.0,93.0,8.58,93.0,0.1,85128.65759,479153.0,0.7,0.7,0.934,17.6,NOR,Europe,4.0
Austria,2008,Developed,84.0,76.0,0.0,12.0,8329.731655,83.0,448.0,54.2,0.0,83.0,1.6,83.0,0.1,51386.37665,8321496.0,1.7,1.9,0.864,15.1,AUT,Europe,3.0
Iceland,2002,Developed,84.0,7.0,0.0,6.61,5948.096777,80.94046121593291,0.0,55.4,0.0,95.0,9.86,95.0,0.1,31996.2172,287523.0,1.0,0.9,0.859,17.2,ISL,Europe,1.5
Switzerland,2002,Developed,84.0,74.0,0.0,10.85,6853.628494,80.94046121593291,0.0,51.8,0.0,95.0,1.61,93.0,0.1,41336.72192,7284753.0,0.6,0.5,0.89,15.2,CHE,Europe,1.5
Israel,2006,Developing,84.0,68.0,1.0,2.23,33.58620657,96.0,9.0,61.1,1.0,94.0,7.38,95.0,0.1,2195.1769,7537.0,1.1,1.1,0.87,15.7,ISR,Asia,2.0
Austria,2010,Developed,84.0,75.0,0.0,12.1,7423.228774,86.0,52.0,55.2,0.0,86.0,11.17,86.0,0.1,46657.629,836344.0,1.7,1.9,0.872,15.4,AUT,Europe,4.0
Israel,2007,Developing,84.0,68.0,1.0,2.33,4.3451016,99.0,539.0,61.6,1.0,95.0,7.37,95.0,0.1,258.637,7181.0,1.1,1.1,0.872,15.7,ISR,Asia,1.0
Norway,2006,Developed,84.0,7.0,0.0,6.47,12829.25408,80.94046121593291,0.0,57.0,0.0,94.0,8.43,94.0,0.1,74114.69715,466677.0,0.8,0.7,0.931,17.5,NOR,Europe,4.0
Japan,2015,Developed,83.7,55.0,2.0,4.602860787172012,0.0,80.94046121593291,35.0,29.0,3.0,99.0,5.9381895280235995,96.0,0.1,34474.13736,127141.0,2.1,1.8,0.902,15.3,JPN,Asia,2.0
Japan,2014,Developed,83.5,57.0,2.0,0.01,88.83362243,80.94046121593291,462.0,28.6,3.0,99.0,1.23,96.0,0.1,3896.21151,127276.0,2.0,1.7,0.899,15.3,JPN,Asia,1.0
Japan,2013,Developed,83.5,56.0,2.0,7.55,94.43428615,80.94046121593291,229.0,28.2,3.0,99.0,1.25,96.0,0.1,4454.44746,127445.0,2.0,1.7,0.894,15.3,JPN,Asia,1.0
Switzerland,2015,Developed,83.4,49.0,0.0,4.602860787172012,0.0,80.94046121593291,35.0,57.4,0.0,97.0,5.9381895280235995,97.0,0.1,8989.8424,8282396.0,0.4,0.3,0.938,16.0,CHE,Europe,3.0
Japan,2012,Developed,83.3,58.0,2.0,7.39,121.5869163,80.94046121593291,228.0,27.8,3.0,99.0,1.17,97.0,0.1,4863.47665,127629.0,1.9,1.7,0.889,15.3,JPN,Asia,1.0
Singapore,2015,Developed,83.1,55.0,0.0,1.79,0.0,96.0,0.0,33.2,0.0,96.0,5.9381895280235995,96.0,0.1,53629.73746,12753375.12,2.2,2.2,0.924,15.4,SGP,Asia,3.0
Australia,2003,Developed,83.0,71.0,1.0,9.97,3829.550928,95.0,91.0,6.3,1.0,92.0,8.32,93.0,0.1,23465.38559,198954.0,0.7,0.7,0.905,20.6,AUS,Oceania,1.0
Netherlands,2008,Developed,83.0,68.0,1.0,9.62,10873.40554,80.94046121593291,109.0,57.9,1.0,97.0,9.57,97.0,0.1,56928.8248,16445593.0,1.0,0.9,0.905,16.8,NLD,Europe,4.0
Japan,2009,Developed,83.0,64.0,3.0,7.09,899.1785285,80.94046121593291,741.0,26.4,4.0,99.0,9.51,97.0,0.1,4855.17564,12847.0,1.8,1.6,0.881,15.0,JPN,Asia,2.0
Japan,2010,Developed,83.0,62.0,3.0,6.9,863.0061491,80.94046121593291,450.0,26.9,4.0,98.0,9.58,97.0,0.1,4457.67639,1287.0,1.9,1.6,0.879,15.1,JPN,Asia,2.0
Chile,2014,Developing,83.0,83.0,2.0,7.16,2352.999591,95.0,0.0,63.1,2.0,95.0,7.79,95.0,0.1,14817.37778,17613798.0,0.8,0.8,0.841,16.2,CHL,South America,1.0
Republic of Korea,2008,Developing,83.0,75.0,2.0,9.31,0.0,94.0,2.0,28.6,2.0,92.0,6.16,94.0,0.1,7483.158469138474,12753375.12,1.5,1.0,0.6275510645976182,11.992792792792793,KOR,Asia,1.0
Sweden,2004,Developed,83.0,7.0,0.0,6.6,5793.363644,80.94046121593291,5.0,54.9,0.0,99.0,9.9,99.0,0.1,42442.2245,8993531.0,1.3,1.3,0.888,16.0,SWE,Europe,3.0
Luxembourg,2009,Developed,83.0,76.0,0.0,11.42,2052.393076,95.0,0.0,58.8,0.0,96.0,8.11,99.0,0.1,13198.6693,497783.0,0.9,0.9,0.888,13.5,LUX,Europe,3.0
Cyprus,2014,Developed,83.0,53.0,0.0,0.01,207.3041936,96.0,10.0,59.8,0.0,99.0,7.37,99.0,0.1,2734.88382,115239.0,0.9,1.0,0.85,14.0,CYP,Asia,2.0
Singapore,2014,Developed,82.9,56.0,0.0,1.83,7971.646361,96.0,0.0,32.9,0.0,96.0,4.92,96.0,0.1,56336.7234,12753375.12,2.2,2.2,0.922,15.4,SGP,Asia,3.0
Australia,2015,Developed,82.8,59.0,1.0,4.602860787172012,0.0,93.0,74.0,66.6,1.0,93.0,5.9381895280235995,93.0,0.1,56554.3876,23789338.0,0.6,0.6,0.937,20.4,AUS,Oceania,1.0
Spain,2015,Developed,82.8,56.0,1.0,4.602860787172012,0.0,97.0,115.0,66.6,1.0,97.0,5.9381895280235995,97.0,0.1,25683.84565,46447697.0,0.6,0.5,0.882,17.7,ESP,Europe,4.0
Japan,2008,Developed,82.7,66.0,3.0,7.11,7313.175418,80.94046121593291,11015.0,25.9,4.0,98.0,8.6,98.0,0.1,39339.29757,12863.0,1.8,1.5,0.88,15.0,JPN,Asia,2.0
Australia,2014,Developed,82.7,6.0,1.0,9.71,10769.36305,91.0,340.0,66.1,1.0,92.0,9.42,92.0,0.1,62214.6912,2346694.0,0.6,0.6,0.936,20.4,AUS,Oceania,1.0
Singapore,2013,Developed,82.7,57.0,0.0,1.83,714.3441019,97.0,138.0,32.7,0.0,97.0,4.53,97.0,0.1,5629.18914,12753375.12,2.2,2.2,0.92,15.4,SGP,Asia,2.0
Japan,2007,Developed,82.6,67.0,3.0,7.29,6599.995239,80.94046121593291,0.0,25.4,4.0,97.0,8.25,98.0,0.1,35275.22843,1281.0,1.8,1.5,0.877,15.0,JPN,Asia,2.0
Israel,2015,Developing,82.5,58.0,0.0,4.602860787172012,0.0,96.0,80.0,64.9,1.0,95.0,5.9381895280235995,95.0,0.1,35729.37253,8381.0,1.2,1.1,0.898,16.0,ISR,Asia,4.0
Japan,2011,Developed,82.5,64.0,3.0,7.39,9498.729062,80.94046121593291,434.0,27.4,4.0,96.0,1.7,97.0,0.1,48167.99727,127833.0,1.9,1.6,0.884,15.1,JPN,Asia,1.0
Australia,2013,Developed,82.5,61.0,1.0,9.87,11734.85381,91.0,158.0,65.5,1.0,91.0,9.36,91.0,0.1,67792.3386,23117353.0,0.6,0.6,0.933,20.3,AUS,Oceania,1.0
Singapore,2012,Developed,82.5,59.0,0.0,1.89,6041.858981,97.0,42.0,32.4,0.0,97.0,4.22,97.0,0.1,54431.16199,12753375.12,2.2,2.1,0.917,15.4,SGP,Asia,2.0
Japan,2006,Developed,82.4,68.0,3.0,7.49,6502.136974,80.94046121593291,520.0,24.9,4.0,95.0,8.19,98.0,0.1,35433.98896,127854.0,1.7,1.5,0.873,14.9,JPN,Asia,3.0
Republic of Korea,2015,Developing,82.3,64.0,1.0,4.602860787172012,0.0,98.0,7.0,31.7,2.0,98.0,5.9381895280235995,98.0,0.1,7483.158469138474,12753375.12,1.5,1.0,0.6275510645976182,11.992792792792793,KOR,Asia,5.0
Australia,2012,Developed,82.3,61.0,1.0,10.03,11714.99858,91.0,199.0,65.0,1.0,92.0,9.36,92.0,0.1,67677.63477,22728254.0,0.6,0.6,0.93,20.1,AUS,Oceania,1.0
Israel,2014,Developing,82.2,6.0,1.0,2.62,4348.33531,97.0,6.0,64.6,1.0,95.0,7.81,95.0,0.1,37582.84624,82157.0,1.2,1.1,0.895,16.0,ISR,Asia,4.0
Singapore,2011,Developed,82.2,6.0,0.0,1.8,638.0001097,96.0,148.0,32.1,0.0,96.0,3.93,96.0,0.1,53166.67581,12753375.12,2.1,2.1,0.911,15.2,SGP,Asia,2.0
Canada,2015,Developing,82.2,64.0,2.0,4.602860787172012,0.0,55.0,195.0,67.0,2.0,91.0,5.9381895280235995,91.0,0.1,43315.744,3584861.0,0.6,0.5,0.919,16.3,CAN,North America,1.0
Japan,2004,Developed,82.1,68.0,3.0,7.7,6746.281299,80.94046121593291,8752.0,23.8,4.0,97.0,8.3,99.0,0.1,37688.72234,127761.0,1.7,1.4,0.866,14.8,JPN,Asia,1.0
Switzerland,2009,Developed,82.1,6.0,0.0,10.15,14714.82588,80.94046121593291,958.0,55.0,0.0,96.0,11.0,95.0,0.1,69672.471,7743831.0,0.5,0.4,0.916,15.3,CHE,Europe,4.0
Israel,2013,Developing,82.1,61.0,1.0,2.69,4279.895512,97.0,50.0,64.2,1.0,96.0,7.89,96.0,0.1,36393.66932,8595.0,1.2,1.1,0.891,15.9,ISR,Asia,3.0
Sweden,2003,Developed,82.0,69.0,0.0,6.9,5067.411418,80.94046121593291,3.0,54.4,0.0,99.0,9.31,99.0,0.1,36961.42537,8958229.0,1.3,1.3,0.882,15.9,SWE,Europe,3.0
Singapore,2010,Developed,82.0,61.0,0.0,1.84,4540.543752,96.0,50.0,31.8,0.0,96.0,3.96,96.0,0.1,46569.67951,12753375.12,2.1,2.1,0.889,14.5,SGP,Asia,3.0
Switzerland,2001,Developed,82.0,75.0,0.0,11.12,6478.346135,80.94046121593291,700.0,51.3,0.0,95.0,1.28,93.0,0.1,38538.64447,7229854.0,0.7,0.5,0.888,15.2,CHE,Europe,1.0
Japan,2005,Developed,82.0,69.0,3.0,7.99,6799.664423,80.94046121593291,0.0,24.4,4.0,95.0,8.18,98.0,0.1,37217.64873,127773.0,1.7,1.5,0.87,14.9,JPN,Asia,1.5
Republic of Korea,2014,Developing,82.0,66.0,1.0,0.01,0.0,99.0,442.0,31.2,2.0,99.0,7.37,99.0,0.1,7483.158469138474,12753375.12,1.5,1.0,0.6275510645976182,11.992792792792793,KOR,Asia,5.0
France,2004,Developing,82.0,94.0,3.0,13.18,5291.234786,35.0,4448.0,57.0,4.0,99.0,1.53,98.0,0.1,33874.74255,6274897.0,0.6,0.6,0.857,15.5,FRA,Europe,4.0
Canada,2014,Developing,82.0,65.0,2.0,8.1,102.1902168,55.0,418.0,66.4,2.0,91.0,1.45,91.0,0.1,544.43376,35544564.0,0.5,0.5,0.912,15.9,CAN,North America,1.0
Switzerland,2008,Developed,82.0,6.0,0.0,10.29,2084.255535,80.94046121593291,2022.0,54.6,0.0,96.0,1.29,95.0,0.1,72119.5687,7647675.0,0.5,0.4,0.914,15.3,CHE,Europe,5.0
Singapore,2005,Developed,82.0,69.0,0.0,1.49,2356.731479,96.0,33.0,3.2,0.0,96.0,3.74,96.0,0.1,29869.85398,12753375.12,2.1,2.0,0.821,12.6,SGP,Asia,1.5
Netherlands,2007,Developed,82.0,68.0,1.0,9.53,9689.732784,80.94046121593291,10.0,57.3,1.0,97.0,9.36,97.0,0.1,51241.31562,16381696.0,1.0,1.0,0.899,16.6,NLD,Europe,5.0
Australia,2011,Developed,82.0,63.0,1.0,10.3,10986.26527,92.0,190.0,64.4,1.0,92.0,9.2,92.0,0.1,62245.129,223424.0,0.6,0.6,0.927,19.8,AUS,Oceania,2.0
Australia,2010,Developed,81.9,64.0,1.0,10.52,8875.786493,92.0,70.0,63.9,1.0,92.0,9.2,92.0,0.1,51874.848,223175.0,0.7,0.6,0.927,19.5,AUS,Oceania,2.0
Japan,2003,Developed,81.9,7.0,3.0,7.83,578.7254273,80.94046121593291,8286.0,23.4,5.0,97.0,8.0,97.0,0.1,3488.3992,127718.0,1.7,1.4,0.863,14.8,JPN,Asia,1.0
Japan,2002,Developed,81.8,7.0,3.0,7.87,5250.249188,80.94046121593291,33812.0,22.9,5.0,89.0,7.85,96.0,0.1,32289.3554,127445.0,1.7,1.4,0.86,14.7,JPN,Asia,1.0
Israel,2011,Developing,81.8,61.0,1.0,2.67,3793.161624,98.0,70.0,63.4,1.0,94.0,7.39,94.0,0.1,33657.15727,77658.0,1.2,1.1,0.883,15.8,ISR,Asia,3.0
Canada,2013,Developing,81.8,67.0,2.0,8.2,9733.228019,55.0,83.0,65.8,2.0,91.0,1.67,91.0,0.1,52413.72116,35155451.0,0.5,0.5,0.909,15.9,CAN,North America,1.0
Israel,2012,Developing,81.8,6.0,1.0,2.78,3830.184587,97.0,211.0,63.8,1.0,94.0,7.73,94.0,0.1,32569.59683,7915.0,1.2,1.1,0.889,15.9,ISR,Asia,3.0
Republic of Korea,2013,Developing,81.7,68.0,1.0,9.33,0.0,99.0,107.0,3.8,2.0,99.0,7.2,99.0,0.1,7483.158469138474,12753375.12,1.5,1.0,0.6275510645976182,11.992792792792793,KOR,Asia,4.0
Israel,2010,Developing,81.7,61.0,1.0,2.63,409.4109292,97.0,23.0,63.0,1.0,95.0,7.36,95.0,0.1,3661.994,76236.0,1.2,1.1,0.878,15.7,ISR,Asia,4.0
Singapore,2009,Developed,81.7,62.0,0.0,1.73,462.9306986,96.0,16.0,31.5,0.0,97.0,4.27,97.0,0.1,38577.55822,12753375.12,2.1,2.1,0.887,14.4,SGP,Asia,3.0
Australia,2009,Developed,81.7,66.0,1.0,10.62,7172.275229,94.0,104.0,63.4,1.0,92.0,9.5,92.0,0.1,42742.99898,216917.0,0.7,0.6,0.925,19.1,AUS,Oceania,2.0
New Zealand,2015,Developed,81.6,66.0,0.0,8.7,0.0,92.0,10.0,67.5,0.0,92.0,5.9381895280235995,92.0,0.1,3821.8937,12753375.12,0.4,0.3,0.913,19.2,NZL,Oceania,2.0
Canada,2012,Developing,81.6,68.0,2.0,8.3,9748.636237,7.0,10.0,65.3,2.0,99.0,1.78,95.0,0.1,52496.69487,3475545.0,0.5,0.5,0.907,15.9,CAN,North America,1.0
Israel,2009,Developing,81.5,63.0,1.0,2.55,508.6645438,98.0,5.0,62.6,1.0,96.0,7.46,96.0,0.1,27795.87671,74856.0,1.2,1.1,0.876,15.6,ISR,Asia,4.0
Switzerland,2006,Developed,81.5,65.0,0.0,10.24,10598.08187,80.94046121593291,0.0,53.7,0.0,94.0,1.39,94.0,0.1,57348.92788,7483934.0,0.6,0.4,0.904,15.2,CHE,Europe,5.0
Japan,2001,Developed,81.5,72.0,4.0,8.03,5486.51208,80.94046121593291,22552.0,22.5,5.0,81.0,7.75,95.0,0.1,33846.46564,127149.0,1.7,1.4,0.856,14.6,JPN,Asia,1.0
New Zealand,2014,Developed,81.5,67.0,0.0,9.07,1040.278436,93.0,280.0,66.9,0.0,93.0,11.3,93.0,0.1,4453.24673,12753375.12,0.4,0.3,0.91,19.2,NZL,Oceania,2.0
Canada,2011,Developing,81.5,68.0,2.0,8.2,971.9280384,7.0,803.0,64.7,2.0,87.0,1.82,87.0,0.1,5282.2176,3434278.0,0.5,0.5,0.903,15.9,CAN,North America,1.0
Singapore,2008,Developed,81.4,64.0,0.0,1.7,3404.13099,97.0,18.0,31.2,0.0,97.0,3.91,97.0,0.1,39721.4818,12753375.12,2.1,2.1,0.88,14.2,SGP,Asia,3.0
New Zealand,2013,Developed,81.3,69.0,0.0,9.18,10019.0763,93.0,8.0,66.4,0.0,92.0,11.17,92.0,0.1,42889.88141,12753375.12,0.3,0.3,0.908,19.3,NZL,Oceania,2.0
Australia,2008,Developed,81.3,66.0,1.0,10.76,8547.292357,94.0,65.0,62.9,1.0,92.0,8.78,92.0,0.1,49664.6854,212492.0,0.7,0.6,0.921,19.1,AUS,Oceania,1.0
Australia,2007,Developed,81.3,66.0,1.0,10.56,872.5986092,94.0,11.0,62.5,2.0,92.0,8.53,92.0,0.1,4991.98289,28276.0,0.7,0.6,0.918,19.0,AUS,Oceania,1.0
Canada,2010,Developing,81.2,7.0,2.0,8.4,8649.674911,56.0,99.0,64.1,2.0,88.0,11.2,89.0,0.1,47447.4762,345274.0,0.5,0.4,0.898,15.9,CAN,North America,1.0
Australia,2006,Developed,81.2,66.0,1.0,10.31,6187.062017,95.0,0.0,62.0,2.0,92.0,8.49,92.0,0.1,36118.28381,26979.0,0.7,0.6,0.915,20.3,AUS,Oceania,1.0
Republic of Korea,2012,Developing,81.2,69.0,1.0,9.56,0.0,99.0,2.0,3.4,2.0,99.0,7.1,99.0,0.1,7483.158469138474,12753375.12,1.5,1.0,0.6275510645976182,11.992792792792793,KOR,Asia,4.0
Singapore,2007,Developed,81.1,65.0,0.0,1.6,3082.973535,96.0,15.0,3.9,0.0,97.0,3.46,97.0,0.1,39223.58187,12753375.12,2.1,2.0,0.873,14.1,SGP,Asia,3.0
Japan,2000,Developed,81.1,74.0,4.0,7.97,5926.296654,80.94046121593291,22497.0,22.2,5.0,98.0,7.53,85.0,0.1,38532.488,126843.0,1.6,1.4,0.852,14.5,JPN,Asia,1.0
Switzerland,2005,Developed,81.1,66.0,0.0,10.15,10055.34981,80.94046121593291,60.0,53.2,0.0,94.0,1.86,94.0,0.1,54797.54663,7437115.0,0.6,0.4,0.899,15.2,CHE,Europe,3.0
New Zealand,2012,Developed,81.1,7.0,0.0,9.2,924.5653683,93.0,68.0,65.9,0.0,93.0,11.53,93.0,0.1,3997.25624,12753375.12,0.3,0.3,0.904,19.5,NZL,Oceania,2.0
Republic of Korea,2011,Developing,81.1,72.0,2.0,9.34,0.0,99.0,42.0,3.0,2.0,98.0,6.83,99.0,0.1,7483.158469138474,12753375.12,1.5,1.0,0.6275510645976182,11.992792792792793,KOR,Asia,4.0
Chile,2013,Developing,81.0,84.0,2.0,7.2,2442.222054,9.0,0.0,62.5,2.0,9.0,7.53,91.0,0.1,15941.39722,17462982.0,0.8,0.8,0.831,15.6,CHL,South America,1.0
Cyprus,2013,Developed,81.0,54.0,0.0,9.04,212.0859259,96.0,0.0,59.2,0.0,99.0,7.46,99.0,0.1,2797.96736,1143896.0,0.9,1.0,0.85,13.8,CYP,Asia,5.0
New Zealand,2007,Developed,81.0,76.0,0.0,9.19,606.3106561,88.0,25.0,63.2,0.0,88.0,8.35,88.0,0.1,3259.73471,12753375.12,0.3,0.3,0.891,19.2,NZL,Oceania,2.0
New Zealand,2008,Developed,81.0,75.0,0.0,9.49,6761.288966,9.0,0.0,63.8,0.0,89.0,1.7,89.0,0.1,31287.77865,12753375.12,0.3,0.3,0.894,19.5,NZL,Oceania,2.0
Israel,2008,Developing,81.0,65.0,1.0,2.47,471.5533294,99.0,931.0,62.1,1.0,94.0,7.33,94.0,0.1,29657.4421,7388.0,1.1,1.1,0.877,15.8,ISR,Asia,4.0
Canada,2005,Developing,81.0,76.0,2.0,8.0,6333.177967,14.0,6.0,61.3,2.0,93.0,9.57,93.0,0.1,36189.58838,32312.0,0.5,0.4,0.886,15.8,CAN,North America,1.0
Australia,2005,Developed,81.0,67.0,1.0,10.3,579.1331637,95.0,10.0,61.5,2.0,92.0,8.45,92.0,0.1,3416.71483,23948.0,0.7,0.6,0.91,20.3,AUS,Oceania,1.0
Canada,2009,Developing,81.0,72.0,2.0,8.4,864.94993,42.0,14.0,63.6,2.0,89.0,11.17,91.0,0.1,4773.45436,33628571.0,0.5,0.4,0.898,15.9,CAN,North America,1.0
Israel,2004,Developing,81.0,69.0,1.0,2.23,1895.342792,99.0,116.0,6.1,1.0,95.0,7.35,95.0,0.1,19888.172,689.0,1.1,1.1,0.863,15.9,ISR,Asia,2.0
Cyprus,2012,Developed,80.0,56.0,0.0,10.55,2159.756205,96.0,1.0,58.7,0.0,99.0,7.44,99.0,0.1,28951.15556,113562.0,0.9,1.0,0.85,13.8,CYP,Asia,5.0
Israel,2005,Developing,80.0,71.0,1.0,2.41,250.9343317,96.0,2.0,6.6,1.0,95.0,7.44,93.0,0.1,2611.17931,6931.0,1.1,1.1,0.866,15.8,ISR,Asia,3.0
Italy,2002,Developed,80.0,72.0,2.0,9.25,2883.334911,95.0,9385.0,56.4,3.0,96.0,8.23,93.0,0.1,22196.5736,57597.0,0.5,0.5,0.836,15.2,ITA,Europe,3.0
Iceland,2001,Developed,80.0,72.0,0.0,6.37,5048.274426,80.94046121593291,0.0,54.8,0.0,92.0,9.12,92.0,0.1,28585.9254,284968.0,1.0,0.9,0.854,17.1,ISL,Europe,2.0
Canada,2004,Developing,80.0,77.0,2.0,7.8,5513.329924,14.0,7.0,6.6,2.0,91.0,9.56,91.0,0.1,31979.87195,31995.0,0.5,0.4,0.881,15.8,CAN,North America,1.0
Italy,2003,Developed,79.9,72.0,2.0,9.3,3519.258515,95.0,10982.0,57.0,3.0,97.0,8.17,96.0,0.1,27387.2258,5731323.0,0.5,0.5,0.841,15.4,ITA,Europe,4.0
New Zealand,2005,Developed,79.9,78.0,0.0,9.31,491.055852,87.0,20.0,62.1,0.0,89.0,8.25,89.0,0.1,2775.89515,12753375.12,0.3,0.3,0.886,18.9,NZL,Oceania,2.0
Australia,2002,Developed,79.9,73.0,1.0,9.84,46.3871819,95.0,32.0,59.6,2.0,92.0,8.39,92.0,0.1,281.81763,196514.0,0.7,0.7,0.902,20.1,AUS,Oceania,1.0
Sweden,2002,Developed,79.9,71.0,0.0,6.9,3998.09987,80.94046121593291,9.0,53.9,0.0,99.0,9.23,99.0,0.1,29571.7446,8924958.0,1.3,1.3,0.88,15.9,SWE,Europe,4.0
Australia,2001,Developed,79.9,75.0,1.0,9.53,3064.301144,94.0,141.0,59.0,2.0,91.0,8.18,92.0,0.1,19517.84168,19413.0,0.7,0.7,0.899,20.5,AUS,Oceania,1.0
Chile,2012,Developing,79.9,84.0,2.0,6.76,2260.777642,9.0,0.0,61.8,2.0,9.0,7.24,9.0,0.1,15431.9293,1739746.0,0.8,0.8,0.826,15.5,CHL,South America,1.0
New Zealand,2006,Developed,79.9,76.0,0.0,9.34,496.2228007,87.0,20.0,62.6,0.0,89.0,8.65,89.0,0.1,2667.86452,12753375.12,0.3,0.3,0.888,19.1,NZL,Oceania,2.0
Republic of Korea,2007,Developing,79.8,77.0,2.0,9.05,0.0,91.0,194.0,28.2,2.0,91.0,5.99,91.0,0.1,7483.158469138474,12753375.12,1.5,1.0,0.6275510645976182,11.992792792792793,KOR,Asia,4.0
Sweden,2001,Developed,79.8,73.0,0.0,6.6,3554.546434,80.94046121593291,5.0,53.4,0.0,99.0,8.86,99.0,0.1,26969.24457,889596.0,1.3,1.3,0.877,15.9,SWE,Europe,3.5
Italy,2001,Developed,79.8,75.0,2.0,9.69,3.1222302,95.0,0.0,55.7,3.0,96.0,8.11,93.0,0.1,24.819,569741.0,0.5,0.5,0.828,14.9,ITA,Europe,3.5
Chile,2011,Developing,79.8,86.0,2.0,7.26,211.614293,94.0,6.0,61.2,2.0,93.0,7.0,94.0,0.1,1475.69242,17153357.0,0.8,0.8,0.82,15.4,CHL,South America,1.0
Israel,2003,Developing,79.7,71.0,1.0,2.32,1731.755747,98.0,124.0,59.6,1.0,93.0,7.44,93.0,0.1,18946.99942,66897.0,1.1,1.1,0.863,16.0,ISR,Asia,2.0
Iceland,2000,Developed,79.7,74.0,0.0,6.17,5809.12199,80.94046121593291,0.0,54.2,0.0,98.0,9.28,98.0,0.1,31813.37344,28125.0,1.0,0.9,0.847,16.8,ISL,Europe,1.5
Singapore,2004,Developed,79.7,71.0,0.0,1.45,204.2481892,94.0,96.0,29.9,0.0,95.0,3.17,95.0,0.1,2745.27136,12753375.12,2.1,2.0,0.82,12.7,SGP,Asia,3.0
Switzerland,2000,Developed,79.7,78.0,0.0,11.26,5834.582046,80.94046121593291,0.0,5.8,0.0,95.0,9.91,93.0,0.1,37813.23426,718425.0,0.7,0.5,0.879,15.1,CHE,Europe,1.5
Cyprus,2011,Developed,79.7,57.0,0.0,10.69,2443.325028,96.0,0.0,58.3,0.0,99.0,7.54,99.0,0.1,32233.83942,1124835.0,0.9,1.0,0.847,13.8,CYP,Asia,5.0
Canada,2003,Developing,79.7,78.0,2.0,7.7,4687.845565,14.0,15.0,6.0,2.0,88.0,9.54,91.0,0.1,28172.14883,31676.0,0.5,0.4,0.877,15.8,CAN,North America,1.0
Chile,2008,Developing,79.6,88.0,2.0,7.31,241.5533381,95.0,0.0,59.3,2.0,95.0,6.87,95.0,0.1,1781.3668,16661942.0,0.9,0.9,0.804,15.2,CHL,South America,1.0
Sweden,2000,Developed,79.6,73.0,0.0,6.2,3689.7273,80.94046121593291,59.0,52.8,0.0,99.0,8.18,99.0,0.1,29283.55,887219.0,1.4,1.3,0.873,15.9,SWE,Europe,3.0
Costa Rica,2015,Developing,79.6,95.0,1.0,4.602860787172012,0.0,92.0,0.0,6.5,1.0,92.0,5.9381895280235995,92.0,0.1,1146.36273,487852.0,1.7,1.7,0.775,14.2,CRI,North America,2.0
Cyprus,2010,Developed,79.5,59.0,0.0,11.32,283.3300258,96.0,18.0,57.8,0.0,99.0,7.23,99.0,0.1,3818.46396,111267.0,0.9,1.0,0.853,14.6,CYP,Asia,5.0
Spain,2002,Developed,79.5,83.0,2.0,12.26,228.3543024,82.0,67.0,58.8,2.0,98.0,7.25,98.0,0.1,1719.53541,41431558.0,0.6,0.5,0.828,15.7,ESP,Europe,5.0
Costa Rica,2014,Developing,79.5,96.0,1.0,3.45,384.5129138,91.0,1.0,59.5,1.0,91.0,9.31,91.0,0.1,1647.44179,4757575.0,1.7,1.7,0.768,13.9,CRI,North America,2.0
Australia,2000,Developed,79.5,78.0,1.0,10.17,347.18736,80.94046121593291,108.0,58.2,2.0,9.0,8.8,9.0,0.1,2169.921,19153.0,0.7,0.7,0.897,20.4,AUS,Oceania,1.0
Canada,2002,Developing,79.5,79.0,2.0,7.7,3895.856308,80.94046121593291,6.0,59.3,2.0,88.0,9.37,88.0,0.1,24167.8431,31362.0,0.5,0.4,0.872,15.8,CAN,North America,1.0
Italy,2000,Developed,79.4,77.0,3.0,9.78,31.50582204,94.0,1457.0,55.0,3.0,97.0,7.91,87.0,0.1,251.2426,5694218.0,0.5,0.5,0.823,14.8,ITA,Europe,4.0
Spain,2001,Developed,79.4,84.0,2.0,9.86,2044.169761,83.0,0.0,58.2,2.0,95.0,7.24,96.0,0.1,15323.6114,485412.0,0.6,0.5,0.825,15.7,ESP,Europe,5.0
Republic of Korea,2006,Developing,79.4,79.0,2.0,8.83,0.0,99.0,28.0,27.7,2.0,98.0,5.76,98.0,0.1,7483.158469138474,12753375.12,1.5,1.0,0.6275510645976182,11.992792792792793,KOR,Asia,4.0
Costa Rica,2013,Developing,79.4,96.0,1.0,3.42,386.1379123,94.0,0.0,58.5,1.0,95.0,9.47,95.0,0.1,1569.66631,47641.0,1.7,1.7,0.762,13.7,CRI,North America,2.0
Canada,2001,Developing,79.4,8.0,2.0,7.6,3665.089703,80.94046121593291,34.0,58.5,2.0,88.0,9.1,89.0,0.1,23691.59472,31819.0,0.5,0.4,0.867,15.8,CAN,North America,1.0
Singapore,2003,Developed,79.3,73.0,0.0,1.43,2263.068326,95.0,33.0,29.6,0.0,96.0,3.63,96.0,0.1,23573.6284,12753375.12,2.1,2.0,0.819,12.7,SGP,Asia,3.0
Israel,2002,Developing,79.3,74.0,1.0,2.47,1701.195787,98.0,2.0,59.2,1.0,91.0,7.49,9.0,0.1,18431.15696,657.0,1.1,1.1,0.855,15.3,ISR,Asia,2.0
Israel,2001,Developing,79.3,74.0,1.0,2.53,22.27332618,96.0,19.0,58.7,1.0,93.0,7.61,92.0,0.1,236.19646,6439.0,1.1,1.1,0.85,15.1,ISR,Asia,2.0
United States of America,2015,Developed,79.3,13.0,23.0,4.602860787172012,0.0,92.0,188.0,69.6,26.0,93.0,5.9381895280235995,95.0,0.1,7483.158469138474,12753375.12,0.8,0.6,0.6275510645976182,11.992792792792793,USA,North America,3.0
Chile,2009,Developing,79.3,91.0,2.0,7.67,181.525923,94.0,1.0,59.9,2.0,94.0,7.39,94.0,0.1,1243.32824,16829442.0,0.8,0.9,0.816,15.3,CHL,South America,1.0
Cyprus,2009,Developed,79.3,6.0,0.0,10.8,230.2524184,96.0,0.0,57.3,0.0,99.0,7.4,99.0,0.1,3215.8159,19876.0,0.9,1.0,0.849,14.1,CYP,Asia,5.0
Costa Rica,2009,Developing,79.2,96.0,1.0,4.07,24.88720369,87.0,0.0,54.4,1.0,8.0,9.69,86.0,0.1,689.396224,4488263.0,1.9,1.8,0.747,13.1,CRI,North America,2.0
New Zealand,2004,Developed,79.2,79.0,0.0,9.15,442.3774869,88.0,33.0,61.5,0.0,87.0,7.89,89.0,0.1,2542.39935,12753375.12,0.3,0.3,0.884,18.4,NZL,Oceania,2.0
Costa Rica,2012,Developing,79.2,97.0,1.0,3.34,2568.237059,91.0,0.0,57.5,1.0,9.0,9.56,91.0,0.1,9985.36959,4654122.0,1.8,1.7,0.758,13.6,CRI,North America,2.0
New Zealand,2003,Developed,79.1,82.0,0.0,8.91,3661.792922,89.0,66.0,6.9,0.0,86.0,7.71,9.0,0.1,21913.7817,12753375.12,0.3,0.3,0.881,18.2,NZL,Oceania,2.0
Chile,2010,Developing,79.1,89.0,2.0,7.93,177.4925143,92.0,0.0,6.6,2.0,92.0,6.97,92.0,0.1,1286.17764,16993354.0,0.8,0.9,0.815,15.2,CHL,South America,1.0
United States of America,2014,Developed,79.1,14.0,23.0,8.82,0.0,92.0,667.0,69.1,27.0,93.0,17.14,95.0,0.1,7483.158469138474,12753375.12,0.8,0.6,0.6275510645976182,11.992792792792793,USA,North America,3.0
Canada,2000,Developing,79.1,82.0,2.0,7.6,3787.49456,80.94046121593291,206.0,57.8,2.0,88.0,8.67,89.0,0.1,24124.16917,37697.0,0.5,0.5,0.864,15.9,CAN,North America,1.0
Cyprus,2008,Developed,79.1,62.0,0.0,12.01,239.6409938,93.0,1.0,56.8,0.0,97.0,6.89,97.0,0.1,3539.7488,181563.0,0.9,1.0,0.844,13.7,CYP,Asia,5.0
Spain,2000,Developed,79.1,86.0,2.0,11.12,1934.398154,77.0,152.0,57.6,2.0,95.0,7.21,95.0,0.1,14676.769,4567864.0,0.6,0.5,0.82,15.7,ESP,Europe,5.0
Cuba,2015,Developing,79.1,92.0,1.0,4.602860787172012,0.0,99.0,0.0,61.4,1.0,99.0,5.9381895280235995,99.0,0.1,762.261218,12753375.12,3.5,3.3,0.773,13.9,CUB,North America,4.0
Paraguay,2000,Developing,79.0,172.0,4.0,6.78,273.5758769,80.94046121593291,0.0,39.1,5.0,86.0,8.1,86.0,0.1,1545.626423,5327.0,2.5,2.4,0.625,11.6,PRY,South America,1.0
Singapore,2002,Developed,79.0,74.0,0.0,2.16,142.0989818,95.0,211.0,29.2,0.0,94.0,2.84,94.0,0.1,2216.83279,12753375.12,2.1,2.0,0.818,12.6,SGP,Asia,3.0
Saint Vincent and the Grenadines,2002,Developing,79.0,186.0,0.0,4.94,0.0,80.94046121593291,0.0,42.0,0.0,99.0,3.93,99.0,0.4,7483.158469138474,12753375.12,3.9,3.8,0.677,12.9,VCT,North America,2.5
Saint Vincent and the Grenadines,2001,Developing,79.0,186.0,0.0,4.73,0.0,80.94046121593291,0.0,41.0,0.0,99.0,3.64,99.0,0.7,7483.158469138474,12753375.12,3.9,3.9,0.673,12.8,VCT,North America,2.0
Saint Vincent and the Grenadines,2000,Developing,79.0,186.0,0.0,4.8,0.0,80.94046121593291,0.0,4.1,0.0,99.0,3.73,98.0,0.7,7483.158469138474,12753375.12,4.0,3.9,0.0,12.7,VCT,North America,2.0
Egypt,2013,Developing,79.0,159.0,54.0,0.21,0.0,97.0,405.0,59.4,63.0,97.0,5.46,97.0,0.1,7483.158469138474,12753375.12,2.9,2.8,0.681,12.8,EGY,Africa,1.0
Samoa,2003,Developing,79.0,169.0,0.0,4.17,24.99717134,83.0,0.0,68.2,0.0,82.0,4.71,83.0,0.1,197.29417,177662.0,0.2,0.2,0.659,12.3,WSM,Oceania,3.0
Guatemala,2008,Developing,79.0,19.0,13.0,2.21,472.2234994,95.0,0.0,45.9,15.0,96.0,6.65,95.0,0.4,2794.22189,146366.0,1.3,1.3,0.589,10.4,GTM,North America,2.0
Grenada,2002,Developing,79.0,176.0,0.0,10.71,513.3465408,98.0,0.0,38.8,0.0,98.0,6.67,98.0,0.1,5292.232379,12753375.12,4.1,4.1,0.0,14.4,GRD,North America,2.5
Costa Rica,2011,Developing,79.0,98.0,1.0,3.41,2429.854745,84.0,0.0,56.5,1.0,82.0,9.73,85.0,0.1,9186.59639,46474.0,1.8,1.7,0.752,13.4,CRI,North America,2.0
Egypt,2015,Developing,79.0,159.0,51.0,4.602860787172012,0.0,93.0,5432.0,61.1,60.0,93.0,5.9381895280235995,93.0,0.1,7483.158469138474,12753375.12,2.8,2.8,0.688,13.1,EGY,Africa,1.0
Cuba,2014,Developing,79.0,93.0,1.0,4.37,13.6691019,97.0,0.0,6.7,1.0,99.0,11.6,99.0,0.1,75.5199,12753375.12,3.4,3.3,0.772,14.0,CUB,North America,4.0
Israel,2000,Developing,78.9,76.0,1.0,2.53,199.9341033,98.0,36.0,58.3,1.0,93.0,7.13,93.0,0.1,2152.1432,6289.0,1.1,1.1,0.845,15.2,ISR,Asia,2.0
Cyprus,2007,Developed,78.9,63.0,0.0,11.56,1958.525877,93.0,0.0,56.3,0.0,97.0,6.5,97.0,0.1,31386.63265,163712.0,0.9,1.0,0.836,13.5,CYP,Asia,5.0
Chile,2007,Developing,78.9,9.0,2.0,7.39,209.4875875,92.0,0.0,58.7,2.0,95.0,6.35,96.0,0.1,1526.87746,16491687.0,0.9,0.9,0.797,14.8,CHL,South America,1.0
Costa Rica,2008,Developing,78.9,99.0,1.0,4.22,1859.095621,89.0,0.0,53.4,1.0,89.0,9.1,9.0,0.1,6911.136136,442958.0,1.9,1.8,0.74,12.9,CRI,North America,3.0
Costa Rica,2007,Developing,78.9,93.0,1.0,4.2,150.8891479,89.0,0.0,52.4,1.0,89.0,8.37,89.0,0.1,612.623418,4369469.0,1.9,1.9,0.734,12.8,CRI,North America,2.0
Chile,2006,Developing,78.9,91.0,2.0,7.33,1275.689625,95.0,0.0,58.1,2.0,94.0,6.18,94.0,0.1,9484.681227,16319792.0,0.9,0.9,0.796,14.9,CHL,South America,1.0
United States of America,2013,Developed,78.9,16.0,23.0,8.82,0.0,91.0,187.0,68.6,27.0,93.0,16.9,94.0,0.1,7483.158469138474,12753375.12,0.7,0.6,0.6275510645976182,11.992792792792793,USA,North America,3.0
Cuba,2011,Developing,78.8,92.0,1.0,4.14,102.0645784,96.0,0.0,58.4,1.0,99.0,1.6,97.0,0.1,675.92436,12753375.12,3.4,3.2,0.78,16.5,CUB,North America,3.0
Cyprus,2006,Developed,78.8,64.0,0.0,11.47,1700.841534,93.0,0.0,55.8,0.0,97.0,6.28,97.0,0.1,27169.99256,14559.0,0.9,1.0,0.829,13.4,CYP,Asia,5.0
United States of America,2012,Developed,78.8,16.0,24.0,8.82,0.0,9.0,55.0,68.0,28.0,93.0,17.2,94.0,0.1,7483.158469138474,12753375.12,0.7,0.6,0.6275510645976182,11.992792792792793,USA,North America,3.0
United States of America,2011,Developed,78.7,16.0,25.0,8.67,0.0,91.0,220.0,67.5,29.0,94.0,17.6,96.0,0.1,7483.158469138474,12753375.12,0.7,0.6,0.6275510645976182,11.992792792792793,USA,North America,4.0
New Zealand,2002,Developed,78.7,83.0,0.0,9.13,2892.257132,89.0,21.0,6.3,0.0,84.0,7.89,9.0,0.1,16874.31232,12753375.12,0.3,0.3,0.873,17.5,NZL,Oceania,2.0
Singapore,2001,Developed,78.7,76.0,0.0,2.08,1003.366877,95.0,408.0,28.9,0.0,95.0,2.37,96.0,0.1,21577.7823,12753375.12,2.1,2.0,0.82,12.7,SGP,Asia,3.0
Cuba,2013,Developing,78.7,96.0,1.0,4.18,95.67571176,96.0,0.0,59.9,1.0,99.0,9.48,99.0,0.1,676.15344,12753375.12,3.4,3.3,0.773,14.7,CUB,North America,4.0
Cuba,2012,Developing,78.7,96.0,1.0,4.16,742.1961992,96.0,0.0,59.2,1.0,98.0,8.59,99.0,0.1,6425.941119,12753375.12,3.4,3.2,0.778,15.7,CUB,North America,4.0
United States of America,2010,Developed,78.7,15.0,25.0,8.55,0.0,92.0,63.0,66.9,30.0,93.0,17.2,95.0,0.1,7483.158469138474,12753375.12,0.7,0.6,0.6275510645976182,11.992792792792793,USA,North America,2.0
Cyprus,2005,Developed,78.7,65.0,0.0,11.41,1562.520827,88.0,1.0,55.3,0.0,98.0,6.37,98.0,0.1,25324.48666,127658.0,0.9,1.0,0.826,13.5,CYP,Asia,4.5
Republic of Korea,2005,Developing,78.7,84.0,2.0,9.03,0.0,99.0,7.0,27.2,3.0,96.0,5.33,96.0,0.1,7483.158469138474,12753375.12,1.6,1.0,0.6275510645976182,11.992792792792793,KOR,Asia,4.5
Other,2014,,78.6029411764706,,,,,,,,,,,,,,,,,,,,Europe,
New Zealand,2000,Developed,78.6,87.0,0.0,8.91,2143.021083,9.0,65.0,58.9,0.0,82.0,7.47,9.0,0.1,13641.1272,12753375.12,0.3,0.3,0.864,17.2,NZL,Oceania,2.0
Cyprus,2004,Developed,78.6,65.0,0.0,13.03,1586.724172,88.0,0.0,54.8,0.0,98.0,6.42,98.0,0.1,23932.49128,1141.0,0.9,1.0,0.823,13.4,CYP,Asia,4.0
Costa Rica,2005,Developing,78.6,97.0,1.0,4.1,1002.833273,9.0,1.0,5.3,1.0,91.0,7.74,91.0,0.1,4697.11135,4247841.0,2.0,2.0,0.723,12.4,CRI,North America,2.0
New Zealand,2001,Developed,78.5,83.0,0.0,8.75,2205.98595,9.0,65.0,59.6,0.0,82.0,7.58,9.0,0.1,13882.85683,12753375.12,0.3,0.3,0.868,17.4,NZL,Oceania,2.0
United States of America,2009,Developed,78.5,18.0,26.0,8.71,0.0,92.0,71.0,66.3,31.0,93.0,17.0,95.0,0.1,7483.158469138474,12753375.12,0.7,0.6,0.6275510645976182,11.992792792792793,USA,North America,3.0
Cyprus,2003,Developed,78.5,66.0,0.0,10.62,158.7087399,88.0,0.0,54.3,0.0,98.0,6.83,98.0,0.1,2293.4789,993563.0,0.9,1.0,0.815,13.0,CYP,Asia,4.0
Chile,2005,Developing,78.4,93.0,2.0,7.57,954.9644887,80.94046121593291,0.0,57.4,2.0,92.0,6.69,91.0,0.1,7615.3468,1614764.0,0.9,1.0,0.79,14.6,CHL,South America,1.0
Cyprus,2002,Developed,78.4,68.0,0.0,11.68,1128.050886,88.0,0.0,53.8,0.0,98.0,6.12,98.0,0.1,16372.29152,976966.0,0.9,1.0,0.805,12.5,CYP,Asia,4.0
Other,2012,,78.39428571428572,,,,,,,,,,,,,,,,,,,,Europe,
Other,2015,,78.35428571428572,,,,,,,,,,,,,,,,,,,,Europe,
Costa Rica,2002,Developing,78.3,99.0,1.0,4.17,112.9493745,94.0,0.0,47.3,1.0,94.0,8.23,94.0,0.1,462.14965,46324.0,2.2,2.2,0.712,11.9,CRI,North America,4.0
Singapore,2000,Developed,78.3,78.0,0.0,2.03,1855.828806,97.0,141.0,28.5,0.0,98.0,2.71,98.0,0.1,23792.677,12753375.12,2.1,2.0,0.81,12.5,SGP,Asia,3.0
Other,2011,,78.28857142857143,,,,,,,,,,,,,,,,,,,,Europe,
United States of America,2008,Developed,78.2,18.0,27.0,8.74,0.0,94.0,140.0,65.7,31.0,94.0,16.2,96.0,0.1,7483.158469138474,12753375.12,0.7,0.6,0.6275510645976182,11.992792792792793,USA,North America,4.0
Cyprus,2001,Developed,78.2,69.0,0.0,10.16,100.8086193,89.0,0.0,53.3,0.0,97.0,5.78,97.0,0.1,1562.92433,96282.0,0.9,1.0,0.8,12.4,CYP,Asia,4.0
Republic of Korea,2004,Developing,78.2,89.0,3.0,9.18,0.0,92.0,11.0,26.7,3.0,9.0,4.96,88.0,0.1,7483.158469138474,12753375.12,1.6,1.0,0.6275510645976182,11.992792792792793,KOR,Asia,5.0
Costa Rica,2010,Developing,78.1,16.0,1.0,3.58,2377.010299,89.0,0.0,55.5,1.0,93.0,9.66,88.0,0.1,8199.414621,454528.0,1.8,1.8,0.749,13.3,CRI,North America,3.0
United States of America,2007,Developed,78.1,11.0,27.0,8.74,0.0,93.0,43.0,65.1,32.0,93.0,15.57,96.0,0.1,7483.158469138474,12753375.12,0.7,0.6,0.6275510645976182,11.992792792792793,USA,North America,3.5
Cyprus,2000,Developed,78.1,7.0,0.0,9.56,950.8027925,89.0,0.0,52.8,0.0,97.0,5.77,97.0,0.1,14672.8826,943286.0,0.9,1.0,0.798,12.5,CYP,Asia,4.0
Cuba,2007,Developing,78.1,14.0,1.0,4.13,750.7147641,93.0,0.0,55.4,1.0,99.0,1.42,93.0,0.1,5184.494227,12753375.12,3.4,3.2,0.754,16.0,CUB,North America,3.5
Cuba,2009,Developing,78.1,11.0,1.0,4.01,818.8771016,96.0,0.0,56.9,1.0,99.0,11.78,96.0,0.1,5484.7763,12753375.12,3.4,3.2,0.782,17.7,CUB,North America,4.0
Costa Rica,2003,Developing,78.0,1.0,1.0,4.04,1070.268999,86.0,1.0,48.3,1.0,88.0,8.45,88.0,0.1,4167.71417,4125971.0,2.2,2.1,0.715,12.1,CRI,North America,2.0
Chile,2004,Developing,78.0,97.0,2.0,6.32,78.78564878,80.94046121593291,0.0,56.8,2.0,94.0,6.93,93.0,0.1,621.828325,15973778.0,0.9,1.0,0.781,14.3,CHL,South America,1.0
Costa Rica,2006,Developing,78.0,16.0,1.0,4.15,1185.412346,88.0,0.0,51.4,1.0,89.0,7.82,89.0,0.1,5245.187372,438794.0,2.0,1.9,0.727,12.6,CRI,North America,2.5
Vanuatu,2009,Developing,78.0,149.0,0.0,0.83,361.0940984,62.0,0.0,48.2,0.0,66.0,3.9,66.0,0.1,2643.441423,23785.0,1.5,1.5,0.589,10.7,VUT,Oceania,3.0
Libya,2000,Developing,78.0,148.0,3.0,0.01,457.3202236,92.0,0.0,52.8,3.0,94.0,3.41,94.0,0.1,7145.628494,12753375.12,5.7,5.5,0.727,15.5,LBY,Africa,1.0
Trinidad and Tobago,2012,Developing,78.0,174.0,0.0,6.7,1486.236406,92.0,0.0,44.0,0.0,91.0,5.78,92.0,0.4,19152.531,1341588.0,5.9,6.1,0.772,12.6,TTO,North America,5.0
Egypt,2014,Developing,78.0,161.0,53.0,0.21,0.0,94.0,1314.0,6.2,62.0,94.0,5.64,94.0,0.1,7483.158469138474,12753375.12,2.8,2.8,0.686,13.1,EGY,Africa,1.0
Cuba,2010,Developing,78.0,98.0,1.0,4.13,787.2808163,96.0,0.0,57.7,1.0,99.0,1.19,96.0,0.1,5676.14143,12753375.12,3.4,3.2,0.784,17.6,CUB,North America,4.0
Cuba,2006,Developing,78.0,14.0,1.0,4.17,523.4724284,89.0,0.0,54.6,1.0,99.0,7.67,89.0,0.1,4669.6916,12753375.12,3.4,3.2,0.732,14.7,CUB,North America,2.5
Cuba,2008,Developing,77.9,12.0,1.0,4.26,708.6157966,95.0,0.0,56.2,1.0,99.0,1.79,95.0,0.1,5376.447622,12753375.12,3.4,3.2,0.771,17.1,CUB,North America,5.0
Chile,2003,Developing,77.9,1.0,2.0,6.37,584.0993429,80.94046121593291,1.0,56.1,2.0,96.0,7.34,96.0,0.1,4787.699532,15799542.0,1.0,1.0,0.775,14.0,CHL,South America,1.0
United States of America,2006,Developed,77.8,113.0,28.0,8.63,0.0,93.0,55.0,64.4,33.0,93.0,15.27,96.0,0.1,7483.158469138474,12753375.12,0.7,0.6,0.6275510645976182,11.992792792792793,USA,North America,4.0
Panama,2015,Developing,77.8,118.0,1.0,4.602860787172012,0.0,73.0,0.0,57.8,1.0,72.0,5.9381895280235995,73.0,0.1,13134.4367,3969249.0,1.9,1.8,0.785,13.0,PAN,North America,5.0
Chile,2002,Developing,77.8,11.0,2.0,6.06,675.7808443,80.94046121593291,0.0,55.4,3.0,97.0,6.48,97.0,0.1,4463.545867,15623635.0,1.0,1.0,0.768,13.9,CHL,South America,1.0
Costa Rica,2004,Developing,77.7,12.0,1.0,4.09,1043.10795,89.0,0.0,49.3,1.0,9.0,7.8,9.0,0.1,4425.57467,418738.0,2.1,2.0,0.719,12.2,CRI,North America,2.0
Cuba,2002,Developing,77.7,19.0,1.0,4.1,334.7672107,98.0,0.0,51.3,1.0,98.0,6.5,99.0,0.1,2994.339988,12753375.12,3.5,3.3,0.692,12.5,CUB,North America,5.0
Republic of Korea,2003,Developing,77.6,95.0,3.0,9.66,0.0,91.0,33.0,26.2,3.0,94.0,4.93,97.0,0.1,7483.158469138474,12753375.12,1.6,1.0,0.6275510645976182,11.992792792792793,KOR,Asia,5.0
Costa Rica,2000,Developing,77.6,98.0,1.0,4.34,94.17819458,89.0,0.0,45.4,1.0,8.0,7.12,88.0,0.1,388.363689,3925443.0,2.4,2.3,0.702,11.6,CRI,North America,3.0
Panama,2014,Developing,77.6,119.0,1.0,6.74,1842.463782,8.0,0.0,57.1,1.0,8.0,8.3,8.0,0.1,12593.7374,393986.0,1.9,1.8,0.78,13.0,PAN,North America,5.0
United States of America,2005,Developed,77.5,112.0,28.0,8.52,0.0,93.0,66.0,63.8,33.0,92.0,15.15,96.0,0.1,7483.158469138474,12753375.12,0.7,0.6,0.6275510645976182,11.992792792792793,USA,North America,3.0
United States of America,2004,Developed,77.5,111.0,28.0,8.48,0.0,92.0,37.0,63.1,33.0,92.0,15.14,96.0,0.1,7483.158469138474,12753375.12,0.7,0.6,0.6275510645976182,11.992792792792793,USA,North America,3.0
Panama,2013,Developing,77.5,118.0,1.0,6.89,1694.467075,8.0,0.0,56.3,1.0,81.0,8.9,8.0,0.1,11685.97983,3838462.0,1.9,1.9,0.773,12.9,PAN,North America,5.0
Costa Rica,2001,Developing,77.5,1.0,1.0,4.29,868.3713593,8.0,0.0,46.4,1.0,92.0,7.25,91.0,0.1,3981.52847,3996798.0,2.3,2.2,0.708,11.7,CRI,North America,3.0
Cuba,2003,Developing,77.4,18.0,1.0,4.39,60.34145124,99.0,0.0,52.1,1.0,98.0,6.31,72.0,0.1,3192.669378,12753375.12,3.5,3.3,0.694,12.9,CUB,North America,3.0
Other,2013,,77.3785675253708,,,,,,,,,,,,,,,,,,,,Europe,
Chile,2000,Developing,77.3,13.0,2.0,6.24,74.14842946,80.94046121593291,0.0,54.0,3.0,91.0,6.4,91.0,0.1,511.368479,15262754.0,1.1,1.1,0.755,13.5,CHL,South America,2.0
Cuba,2004,Developing,77.3,17.0,1.0,4.38,4.484254579,99.0,0.0,53.0,1.0,98.0,6.14,88.0,0.1,339.716256,12753375.12,3.4,3.3,0.705,13.2,CUB,North America,4.0
Panama,2011,Developing,77.3,121.0,1.0,6.9,119.2124275,87.0,4.0,54.9,1.0,91.0,7.5,87.0,0.1,927.723171,377782.0,2.0,1.9,0.758,12.9,PAN,North America,5.0
Chile,2001,Developing,77.3,16.0,2.0,6.1,687.5116825,80.94046121593291,0.0,54.7,3.0,96.0,6.51,97.0,0.1,4595.666327,15444969.0,1.0,1.0,0.761,13.7,CHL,South America,1.0
Other,2010,,77.24000000000001,,,,,,,,,,,,,,,,,,,,Europe,
Cuba,2005,Developing,77.2,19.0,1.0,4.48,518.9359221,95.0,0.0,53.8,1.0,99.0,9.39,89.0,0.1,3779.577,12753375.12,3.4,3.3,0.719,14.2,CUB,North America,4.0
United States of America,2003,Developed,77.2,114.0,28.0,8.4,0.0,92.0,56.0,62.4,33.0,91.0,15.6,96.0,0.1,7483.158469138474,12753375.12,0.7,0.6,0.6275510645976182,11.992792792792793,USA,North America,4.0
Republic of Korea,2002,Developing,77.1,99.0,3.0,9.55,0.0,92.0,62.0,25.7,4.0,99.0,4.61,97.0,0.1,7483.158469138474,12753375.12,1.6,1.1,0.6275510645976182,11.992792792792793,KOR,Asia,5.0
Uruguay,2015,Developing,77.0,116.0,0.0,4.602860787172012,0.0,95.0,0.0,64.0,0.0,95.0,5.9381895280235995,95.0,0.1,15524.84247,3431552.0,1.5,1.4,0.794,15.5,URY,South America,2.5
Cabo Verde,2002,Developing,77.0,148.0,0.0,3.82,155.2072669,4.0,0.0,22.6,0.0,92.0,5.17,91.0,0.8,1373.515636,45216.0,9.2,9.1,0.569,11.3,CPV,Africa,1.0
Uruguay,2011,Developing,77.0,111.0,0.0,5.97,417.9117441,95.0,0.0,61.8,1.0,95.0,8.55,95.0,0.1,14166.4998,3385624.0,1.5,1.5,0.78,15.5,URY,South America,2.0
Morocco,2005,Developing,77.0,137.0,22.0,0.47,9.469371264,96.0,0.0,49.1,26.0,98.0,5.6,98.0,0.1,213.755559,35217.0,6.5,6.3,0.569,9.8,MAR,Africa,1.0
Bolivia (Plurinational State of),2015,Developing,77.0,186.0,8.0,4.602860787172012,0.0,99.0,0.0,52.6,10.0,99.0,5.9381895280235995,99.0,0.1,7483.158469138474,12753375.12,1.2,1.1,0.671,13.8,BOL,South America,2.5
Grenada,2001,Developing,77.0,178.0,0.0,9.61,81.11355954,96.0,0.0,38.2,0.0,96.0,7.67,96.0,0.1,519.958715,12753375.12,4.2,4.2,0.0,14.3,GRD,North America,4.0
Guatemala,2010,Developing,77.0,196.0,12.0,2.14,443.3248254,94.0,0.0,47.2,14.0,94.0,6.64,94.0,0.4,2825.5247,1463417.0,1.3,1.3,0.602,10.5,GTM,North America,5.0
United States of America,2001,Developed,76.9,115.0,28.0,8.25,0.0,89.0,116.0,6.9,33.0,89.0,13.73,94.0,0.1,7483.158469138474,12753375.12,0.8,0.6,0.6275510645976182,11.992792792792793,USA,North America,5.0
Cuba,2000,Developing,76.9,115.0,1.0,3.92,49.34007756,98.0,0.0,49.4,1.0,98.0,6.7,95.0,0.1,2741.11542,12753375.12,3.6,3.4,0.679,12.1,CUB,North America,4.0
Uruguay,2014,Developing,76.8,117.0,0.0,6.03,463.6397821,95.0,0.0,63.4,0.0,95.0,8.58,95.0,0.1,16737.89827,3419546.0,1.5,1.4,0.791,15.5,URY,South America,2.0
Panama,2009,Developing,76.8,127.0,1.0,6.87,1092.155356,85.0,0.0,53.4,2.0,85.0,7.56,85.0,0.1,7429.628274,3579385.0,2.0,1.9,0.755,12.8,PAN,North America,5.0
Uruguay,2013,Developing,76.8,117.0,0.0,5.82,482.8039445,94.0,0.0,62.9,0.0,94.0,8.68,94.0,0.1,16881.2568,3485.0,1.5,1.4,0.788,15.5,URY,South America,2.0
United States of America,2000,Developed,76.8,114.0,28.0,8.21,0.0,9.0,85.0,6.1,33.0,9.0,13.7,94.0,0.1,7483.158469138474,12753375.12,0.8,0.7,0.6275510645976182,11.992792792792793,USA,North America,5.0
Other,2009,,76.72,,,,,,,,,,,,,,,,,,,,Europe,
Uruguay,2009,Developing,76.6,118.0,0.0,6.67,1871.736563,95.0,0.0,6.7,1.0,95.0,8.78,95.0,0.1,9415.17386,3362755.0,1.5,1.5,0.774,15.5,URY,South America,2.0
Uruguay,2012,Developing,76.5,118.0,0.0,5.77,339.7190493,95.0,0.0,62.3,0.0,95.0,8.74,95.0,0.1,1592.6819,3396777.0,1.5,1.5,0.784,15.5,URY,South America,2.0
Uruguay,2008,Developing,76.4,119.0,1.0,6.76,24.73142261,94.0,0.0,6.1,1.0,94.0,8.17,94.0,0.1,962.312164,335824.0,1.6,1.5,0.77,15.7,URY,South America,2.0
Panama,2007,Developing,76.4,124.0,1.0,6.16,76.2508038,85.0,0.0,51.9,2.0,84.0,6.31,85.0,0.2,668.8667,345387.0,2.1,2.0,0.743,12.9,PAN,North America,5.0
Uruguay,2010,Developing,76.3,118.0,0.0,6.21,2331.532804,95.0,0.0,61.2,1.0,95.0,8.63,95.0,0.1,11938.212,3374415.0,1.5,1.5,0.777,15.6,URY,South America,2.0
Argentina,2015,Developing,76.3,116.0,8.0,4.602860787172012,0.0,94.0,0.0,62.8,9.0,93.0,5.9381895280235995,94.0,0.1,13467.1236,43417765.0,1.0,0.9,0.826,17.3,ARG,South America,4.0
Argentina,2014,Developing,76.2,118.0,8.0,7.93,847.3717463,94.0,1.0,62.2,9.0,92.0,4.79,94.0,0.1,12245.25645,42981515.0,1.0,0.9,0.825,17.3,ARG,South America,3.0
Uruguay,2006,Developing,76.2,117.0,1.0,6.58,1712.225506,95.0,0.0,58.9,1.0,95.0,11.17,95.0,0.1,5877.87678,333143.0,1.6,1.6,0.756,15.2,URY,South America,2.0
Qatar,2000,Developing,76.2,88.0,0.0,0.5,1559.287158,89.0,46.0,62.4,0.0,91.0,2.18,8.0,0.1,29986.2915,12753375.12,4.8,4.5,0.808,13.0,QAT,Asia,5.0
Panama,2006,Developing,76.2,125.0,1.0,5.72,631.1251711,88.0,0.0,51.1,2.0,98.0,7.0,88.0,0.1,5348.518399,339195.0,2.1,2.0,0.744,12.9,PAN,North America,5.0
Ecuador,2015,Developing,76.2,118.0,6.0,4.602860787172012,0.0,78.0,0.0,54.2,7.0,84.0,5.9381895280235995,78.0,0.1,625.62224,16144368.0,1.2,1.1,0.739,14.0,ECU,South America,5.0
Other,2008,,76.1470588235294,,,,,,,,,,,,,,,,,,,,Europe,
Other,2007,,76.08823529411765,,,,,,,,,,,,,,,,,,,,Europe,
Ecuador,2013,Developing,76.0,121.0,6.0,3.77,59.12850204,87.0,0.0,52.8,8.0,87.0,7.29,87.0,0.1,674.9829,15661547.0,1.3,1.1,0.725,13.4,ECU,South America,3.5
Nicaragua,2003,Developing,76.0,198.0,4.0,3.77,2.542436908,86.0,0.0,44.9,5.0,86.0,6.12,86.0,0.3,115.565314,524879.0,2.1,2.0,0.583,11.0,NIC,North America,5.0
Suriname,2011,Developing,76.0,187.0,0.0,5.64,989.1263558,86.0,0.0,55.5,0.0,86.0,5.93,86.0,0.1,8318.97692,531589.0,3.5,3.4,0.704,12.5,SUR,South America,3.0
Samoa,2009,Developing,76.0,172.0,0.0,2.88,42.12368374,44.0,0.0,72.0,0.0,45.0,5.4,49.0,0.1,335.112838,184826.0,0.2,0.2,0.691,12.9,WSM,Oceania,4.0
Ecuador,2014,Developing,76.0,121.0,6.0,3.82,79.11626341,83.0,0.0,53.5,7.0,84.0,9.16,83.0,0.1,6432.216537,1593112.0,1.2,1.1,0.737,14.0,ECU,South America,4.0
Samoa,2002,Developing,76.0,174.0,0.0,3.3,208.1688437,86.0,0.0,67.4,0.0,85.0,5.1,86.0,0.1,1631.41727,176582.0,0.2,0.2,0.653,12.1,WSM,Oceania,3.0
Argentina,2013,Developing,76.0,119.0,8.0,8.28,1001.796332,94.0,0.0,61.6,10.0,99.0,4.99,94.0,0.1,12976.63642,42539925.0,1.0,0.9,0.823,17.3,ARG,South America,3.5
Argentina,2012,Developing,75.9,12.0,9.0,8.35,1133.558003,91.0,2.0,61.0,10.0,99.0,5.2,91.0,0.1,12969.7712,4296739.0,1.0,0.9,0.822,17.2,ARG,South America,3.0
Other,2006,,75.80882352941177,,,,,,,,,,,,,,,,,,,,Europe,
Panama,2004,Developing,75.8,123.0,1.0,5.69,527.60848,95.0,0.0,49.5,2.0,92.0,8.9,95.0,0.2,4591.892776,3269541.0,2.2,2.1,0.733,12.8,PAN,North America,5.0
Panama,2005,Developing,75.8,122.0,1.0,5.53,623.9100503,92.0,0.0,5.3,2.0,88.0,7.48,92.0,0.1,4916.54886,333465.0,2.1,2.1,0.74,12.9,PAN,North America,5.0
Other,2005,,75.77222222222223,,,,,,,,,,,,,,,,,,,,Europe,
Uruguay,2005,Developing,75.7,123.0,1.0,6.35,152.5448405,96.0,0.0,58.3,1.0,96.0,11.15,96.0,0.1,522.951116,3325612.0,1.6,1.6,0.753,15.5,URY,South America,2.0
Argentina,2011,Developing,75.7,12.0,9.0,8.11,1504.329462,91.0,3.0,6.4,10.0,93.0,5.89,91.0,0.1,12726.9836,41656879.0,1.0,0.9,0.816,17.1,ARG,South America,4.0
Algeria,2015,Developing,75.6,19.0,21.0,4.602860787172012,0.0,95.0,63.0,59.5,24.0,95.0,5.9381895280235995,95.0,0.1,4132.76292,39871528.0,6.0,5.8,0.743,14.4,DZA,Africa,2.0
Argentina,2009,Developing,75.6,126.0,10.0,8.33,1398.042623,94.0,3.0,59.2,11.0,97.0,7.63,94.0,0.1,8161.36966,479947.0,1.0,0.9,0.794,16.5,ARG,South America,3.0
Ecuador,2012,Developing,75.5,127.0,7.0,3.92,41.88087712,88.0,72.0,52.1,8.0,85.0,6.48,87.0,0.1,572.14313,15419666.0,1.3,1.2,0.717,13.3,ECU,South America,4.0
Argentina,2010,Developing,75.5,121.0,10.0,8.15,187.610955,94.0,17.0,59.8,11.0,95.0,6.55,94.0,0.1,1276.265,41223889.0,1.0,0.9,0.802,16.8,ARG,South America,3.0
Uruguay,2003,Developing,75.4,121.0,1.0,5.11,160.8400141,91.0,0.0,57.0,1.0,91.0,6.52,91.0,0.1,3622.52284,3325637.0,1.7,1.6,0.747,15.0,URY,South America,2.0
Algeria,2014,Developing,75.4,11.0,21.0,0.01,54.2373183,95.0,0.0,58.4,24.0,95.0,7.21,95.0,0.1,547.8517,39113313.0,6.0,5.8,0.741,14.4,DZA,Africa,2.0
Argentina,2008,Developing,75.4,126.0,10.0,8.41,1413.73543,9.0,0.0,58.6,11.0,94.0,6.66,93.0,0.1,8953.359275,4382389.0,1.0,0.9,0.792,16.3,ARG,South America,3.0
Uruguay,2002,Developing,75.4,124.0,1.0,5.86,27.46880965,95.0,0.0,56.3,1.0,93.0,7.18,95.0,0.1,488.768855,3327773.0,1.7,1.7,0.746,14.7,URY,South America,2.0
Uruguay,2007,Developing,75.4,124.0,1.0,6.67,14.47305874,94.0,0.0,59.5,1.0,94.0,8.23,94.0,0.1,79.69746,3339741.0,1.6,1.5,0.76,15.3,URY,South America,2.0
Uruguay,2004,Developing,75.4,122.0,1.0,5.66,882.356362,94.0,0.0,57.7,1.0,95.0,11.59,94.0,0.1,4117.38853,332496.0,1.7,1.6,0.75,15.5,URY,South America,2.0
Tunisia,2015,Developing,75.3,1.0,3.0,4.602860787172012,0.0,98.0,16.0,61.2,3.0,98.0,5.9381895280235995,98.0,0.1,3828.91589,11273661.0,6.5,6.4,0.723,14.6,TUN,Africa,3.0
Peru,2014,Developing,75.3,125.0,8.0,0.01,973.728675,88.0,0.0,54.9,10.0,78.0,5.47,88.0,0.1,6491.5245,3973354.0,1.1,1.1,0.735,13.4,PER,South America,5.0
Peru,2013,Developing,75.3,125.0,8.0,5.38,946.6521165,88.0,0.0,54.2,11.0,71.0,5.23,88.0,0.1,6583.116248,3565716.0,1.1,1.1,0.731,13.4,PER,South America,5.0
Algeria,2013,Developing,75.3,112.0,21.0,0.53,544.4507432,95.0,25.0,57.2,24.0,95.0,7.12,95.0,0.1,5471.866766,38338562.0,5.9,5.8,0.737,14.4,DZA,Africa,2.0
Ecuador,2011,Developing,75.3,131.0,7.0,3.99,344.7412164,88.0,257.0,51.4,8.0,85.0,5.92,88.0,0.1,5223.351763,15177355.0,1.3,1.2,0.71,13.2,ECU,South America,5.0
Other,2004,,75.21142857142857,,,,,,,,,,,,,,,,,,,,Europe,
Uruguay,2001,Developing,75.2,123.0,1.0,6.48,421.4804282,94.0,0.0,55.7,1.0,94.0,7.46,94.0,0.1,6281.37747,332713.0,1.8,1.7,0.742,14.2,URY,South America,2.0
Argentina,2006,Developing,75.2,127.0,11.0,7.75,961.1774676,84.0,0.0,57.5,12.0,92.0,6.68,91.0,0.1,5878.76127,3955889.0,1.1,0.9,0.782,16.1,ARG,South America,3.0
Algeria,2012,Developing,75.1,113.0,21.0,0.66,555.9260834,95.0,18.0,56.1,24.0,95.0,6.14,95.0,0.1,5564.82566,37565847.0,5.9,5.8,0.732,14.4,DZA,Africa,1.0
Uruguay,2000,Developing,75.1,131.0,1.0,6.65,645.9583816,92.0,0.0,55.0,1.0,92.0,7.82,9.0,0.1,6871.897677,3321245.0,1.8,1.7,0.738,14.0,URY,South America,3.0
Tunisia,2014,Developing,75.1,12.0,3.0,1.39,604.8701316,98.0,15.0,6.2,3.0,98.0,7.0,98.0,0.1,4271.68172,1114398.0,6.5,6.4,0.722,14.7,TUN,Africa,3.0
Ecuador,2009,Developing,75.1,137.0,7.0,3.87,282.1440066,91.0,0.0,5.0,8.0,91.0,5.58,94.0,0.1,4255.56571,14691275.0,1.3,1.2,0.702,13.1,ECU,South America,4.0
Other,2003,,75.00285714285714,,,,,,,,,,,,,,,,,,,,Europe,
Samoa,2001,Developing,75.0,175.0,0.0,3.43,199.4118322,89.0,0.0,66.5,0.0,83.0,5.16,85.0,0.1,1555.47451,175566.0,0.2,0.2,0.645,12.0,WSM,Oceania,3.0
Ecuador,2010,Developing,75.0,134.0,7.0,3.95,367.9285652,9.0,0.0,5.7,8.0,88.0,5.9,91.0,0.1,4657.32361,1493469.0,1.3,1.2,0.703,13.1,ECU,South America,4.0
Brazil,2000,Developing,75.0,183.0,111.0,7.26,179.4777293,94.0,36.0,43.7,127.0,99.0,7.3,98.0,0.1,3739.11936,175287587.0,3.4,3.4,0.677,14.1,BRA,South America,4.0
Vanuatu,2008,Developing,75.0,153.0,0.0,1.18,345.339056,61.0,0.0,47.4,0.0,66.0,3.66,67.0,0.1,2697.961375,22534.0,1.5,1.5,0.582,10.7,VUT,Oceania,3.0
Argentina,2005,Developing,74.9,127.0,11.0,7.53,96.16653429,88.0,0.0,56.9,12.0,95.0,6.85,98.0,0.1,576.883829,39145488.0,1.1,1.0,0.78,16.3,ARG,South America,3.0
Peru,2012,Developing,74.9,129.0,9.0,5.14,885.9858185,95.0,0.0,53.6,11.0,94.0,5.18,95.0,0.1,6387.785281,3158966.0,1.1,1.1,0.725,13.4,PER,South America,5.0
Tunisia,2013,Developing,74.9,13.0,3.0,1.29,594.6453102,98.0,16.0,59.3,3.0,98.0,7.26,98.0,0.1,4199.47253,1114558.0,6.4,6.3,0.72,14.7,TUN,Africa,3.0
Algeria,2011,Developing,74.9,116.0,21.0,0.56,509.0020405,95.0,112.0,55.0,24.0,95.0,5.29,95.0,0.1,5432.2523,36819558.0,5.9,5.8,0.724,14.0,DZA,Africa,1.0
Tunisia,2012,Developing,74.9,13.0,3.0,1.3,585.8776761,97.0,48.0,58.3,3.0,97.0,7.18,97.0,0.1,4137.55421,1886668.0,6.4,6.3,0.717,14.6,TUN,Africa,2.0
Argentina,2007,Developing,74.8,129.0,10.0,8.16,1105.659031,85.0,0.0,58.0,12.0,92.0,6.49,91.0,0.1,7193.61764,3997224.0,1.1,0.9,0.788,16.3,ARG,South America,3.0
Other,2001,,74.8,,,,,,,,,,,,,,,,,,,,Europe,
Tunisia,2010,Developing,74.8,12.0,3.0,1.28,64.85616718,98.0,1.0,56.5,3.0,98.0,6.54,98.0,0.1,414.15177,1639931.0,6.3,6.3,0.71,14.4,TUN,Africa,1.0
Tunisia,2011,Developing,74.8,13.0,3.0,1.29,623.2120325,98.0,11.0,57.4,3.0,98.0,7.15,98.0,0.1,4256.91279,1761467.0,6.4,6.3,0.714,14.5,TUN,Africa,2.0
Other,2002,,74.75588235294117,,,,,,,,,,,,,,,,,,,,Europe,
Tunisia,2009,Developing,74.7,12.0,3.0,1.4,585.6307861,99.0,1.0,55.6,3.0,99.0,6.18,99.0,0.1,4129.977335,1521834.0,6.3,6.3,0.706,14.4,TUN,Africa,1.0
Algeria,2010,Developing,74.7,119.0,21.0,0.45,430.7175861,95.0,103.0,53.9,24.0,95.0,5.12,95.0,0.1,4463.394675,36117637.0,5.9,5.8,0.714,13.6,DZA,Africa,2.0
Ecuador,2007,Developing,74.7,14.0,7.0,3.63,19.60467787,94.0,0.0,48.6,9.0,95.0,5.94,96.0,0.2,359.71886,1425453.0,1.4,1.3,0.696,12.9,ECU,South America,4.0
Argentina,2004,Developing,74.7,13.0,11.0,7.63,719.3663797,81.0,0.0,56.3,12.0,91.0,6.84,98.0,0.1,4251.574348,38728696.0,1.1,1.0,0.775,16.3,ARG,South America,3.0
Tunisia,2008,Developing,74.7,12.0,3.0,1.37,53.08451654,99.0,2.0,54.7,3.0,99.0,5.63,99.0,0.1,431.9326,147336.0,6.3,6.3,0.701,14.3,TUN,Africa,1.0
Mauritius,2015,Developing,74.6,146.0,0.0,4.602860787172012,0.0,97.0,0.0,33.3,0.0,98.0,5.9381895280235995,97.0,0.1,9252.11724,126265.0,6.9,6.8,0.779,15.2,MUS,Africa,4.0
Tunisia,2007,Developing,74.6,12.0,3.0,1.24,469.6282925,98.0,4.0,53.9,4.0,98.0,5.64,98.0,0.1,3778.184171,129887.0,6.3,6.3,0.695,14.3,TUN,Africa,1.0
Ecuador,2008,Developing,74.6,139.0,7.0,3.76,197.9303077,93.0,1.0,49.3,9.0,94.0,5.66,96.0,0.1,4274.95265,14447562.0,1.3,1.2,0.698,13.0,ECU,South America,4.0
Other,2000,,74.50882352941177,,,,,,,,,,,,,,,,,,,,Europe,
Tunisia,2006,Developing,74.4,12.0,3.0,1.46,420.1153538,99.0,3.0,53.1,4.0,99.0,5.64,99.0,0.1,3371.71231,1196136.0,6.3,6.3,0.689,14.2,TUN,Africa,1.0
Ecuador,2006,Developing,74.4,144.0,8.0,3.52,19.13983284,96.0,0.0,47.9,9.0,92.0,5.86,96.0,0.3,335.786541,1396748.0,1.4,1.3,0.693,12.8,ECU,South America,4.0
Ecuador,2004,Developing,74.4,148.0,8.0,3.65,16.37920405,88.0,0.0,46.5,9.0,9.0,6.22,88.0,0.3,278.557892,1359647.0,1.5,1.3,0.682,12.7,ECU,South America,4.0
Ecuador,2003,Developing,74.4,151.0,8.0,3.69,18.26183281,82.0,0.0,45.8,10.0,97.0,6.46,87.0,0.3,244.46898,1328961.0,1.5,1.4,0.679,12.6,ECU,South America,3.0
Algeria,2009,Developing,74.4,123.0,20.0,0.5,352.0636419,94.0,107.0,52.8,23.0,94.0,5.36,95.0,0.1,3868.83123,3546576.0,6.0,5.9,0.705,13.1,DZA,Africa,2.0
Morocco,2015,Developing,74.3,95.0,17.0,4.602860787172012,0.0,99.0,17.0,58.5,20.0,99.0,5.9381895280235995,99.0,0.1,2847.285569,3483322.0,6.4,6.2,0.645,12.1,MAR,Africa,5.0
Tunisia,2005,Developing,74.2,14.0,3.0,1.37,379.5139945,97.0,15.0,52.2,4.0,98.0,5.57,98.0,0.1,3194.562243,112482.0,6.4,6.3,0.683,13.9,TUN,Africa,2.0
Ecuador,2005,Developing,74.2,151.0,8.0,3.54,18.09317114,92.0,0.0,47.2,9.0,89.0,5.87,92.0,0.3,321.942547,13735233.0,1.4,1.3,0.688,12.8,ECU,South America,4.0
Mauritius,2014,Developing,74.2,148.0,0.0,0.01,115.2784282,97.0,0.0,32.8,0.0,98.0,4.81,97.0,0.1,1153.93822,126934.0,7.0,6.9,0.769,14.7,MUS,Africa,4.0
Peru,2006,Developing,74.2,134.0,12.0,4.22,448.7670462,94.0,0.0,49.5,15.0,94.0,4.47,94.0,0.4,3171.49856,27949944.0,1.2,1.2,0.693,13.0,PER,South America,5.0
Argentina,2002,Developing,74.1,138.0,12.0,7.81,470.1869145,66.0,0.0,55.1,13.0,94.0,8.31,93.0,0.1,2579.193168,3788937.0,1.2,1.0,0.776,16.3,ARG,South America,3.0
Argentina,2000,Developing,74.1,137.0,12.0,7.68,1349.025282,80.94046121593291,6.0,54.0,14.0,88.0,9.21,83.0,0.1,7669.273916,3757452.0,1.2,1.1,0.764,15.0,ARG,South America,5.0
Argentina,2003,Developing,74.1,137.0,11.0,7.62,57.58467352,73.0,0.0,55.7,13.0,95.0,8.22,96.0,0.1,333.4376,3839379.0,1.2,1.0,0.77,16.4,ARG,South America,4.0
Mauritius,2013,Developing,74.1,147.0,0.0,0.01,917.467628,98.0,0.0,32.3,0.0,98.0,4.82,98.0,0.1,9637.265,1258653.0,7.0,7.0,0.765,14.7,MUS,Africa,4.0
Algeria,2008,Developing,74.1,126.0,20.0,0.46,43.08717334,91.0,217.0,51.8,23.0,92.0,4.2,93.0,0.1,495.254866,3486715.0,6.0,5.9,0.697,12.6,DZA,Africa,2.0
Morocco,2014,Developing,74.1,96.0,18.0,0.43,198.7343495,99.0,10.0,57.5,21.0,99.0,5.91,99.0,0.1,3154.513484,3431882.0,6.4,6.2,0.64,12.1,MAR,Africa,5.0
Tunisia,2004,Developing,74.0,15.0,3.0,1.36,379.7659054,96.0,1.0,51.4,4.0,97.0,5.63,97.0,0.1,3112.83529,11761.0,6.4,6.3,0.673,13.6,TUN,Africa,1.0
Egypt,2011,Developing,74.0,168.0,55.0,0.22,0.0,96.0,26.0,57.8,64.0,96.0,5.4,96.0,0.1,7483.158469138474,12753375.12,2.9,2.9,0.671,12.4,EGY,Africa,3.0
Samoa,2015,Developing,74.0,125.0,0.0,4.602860787172012,0.0,59.0,0.0,74.7,0.0,61.0,5.9381895280235995,66.0,0.1,4149.363444,193759.0,0.2,0.1,0.702,12.9,WSM,Oceania,3.0
Argentina,2001,Developing,74.0,138.0,12.0,7.76,123.0128671,80.94046121593291,0.0,54.6,13.0,85.0,9.38,83.0,0.1,717.694674,3747159.0,1.2,1.1,0.771,15.6,ARG,South America,3.0
Peru,2007,Developing,74.0,133.0,11.0,4.29,516.4037021,93.0,0.0,5.2,15.0,93.0,4.6,93.0,0.3,3611.2147,28292724.0,1.2,1.2,0.696,13.2,PER,South America,5.0
Peru,2008,Developing,73.9,138.0,11.0,4.85,58.4989742,93.0,1.0,5.8,14.0,93.0,4.73,93.0,0.3,428.87811,2864198.0,1.2,1.2,0.7,13.2,PER,South America,5.0
Mauritius,2012,Developing,73.9,154.0,0.0,0.01,915.1859205,98.0,0.0,31.8,0.0,98.0,4.76,98.0,0.1,9291.227619,1255882.0,7.1,7.0,0.756,14.3,MUS,Africa,3.0
Morocco,2013,Developing,73.9,97.0,18.0,0.45,179.8598949,99.0,92.0,56.5,21.0,99.0,5.94,99.0,0.1,3111.762887,33824769.0,6.4,6.2,0.634,12.1,MAR,Africa,5.0
Peru,2009,Developing,73.8,14.0,10.0,4.69,570.4532468,93.0,0.0,51.5,13.0,92.0,5.36,93.0,0.3,4166.93387,29157.0,1.2,1.2,0.706,13.3,PER,South America,5.0
Samoa,2014,Developing,73.8,128.0,0.0,0.01,660.2777923,56.0,0.0,74.3,0.0,58.0,7.22,63.0,0.1,4178.973369,19229.0,0.2,0.1,0.701,12.9,WSM,Oceania,3.0
Brazil,2010,Developing,73.8,154.0,54.0,7.52,1111.191325,96.0,68.0,52.0,61.0,99.0,8.27,99.0,0.1,11224.1548,196796269.0,2.9,2.9,0.716,13.8,BRA,South America,5.0
Algeria,2007,Developing,73.8,129.0,20.0,0.44,320.3239241,9.0,0.0,5.8,23.0,95.0,3.82,95.0,0.1,3935.183343,34376.0,6.0,5.9,0.69,12.3,DZA,Africa,2.0
Tunisia,2003,Developing,73.7,17.0,4.0,1.34,321.7694175,92.0,22.0,5.6,4.0,95.0,5.36,95.0,0.1,2761.969249,9939678.0,6.4,6.3,0.667,13.5,TUN,Africa,1.0
Samoa,2013,Developing,73.6,131.0,0.0,0.01,698.3522786,6.0,0.0,73.8,0.0,62.0,6.91,67.0,0.1,4219.65123,19757.0,0.2,0.1,0.7,12.9,WSM,Oceania,3.0
Ecuador,2002,Developing,73.6,157.0,8.0,3.88,187.3843511,75.0,0.0,45.1,10.0,88.0,4.62,88.0,0.3,2183.966796,13726.0,1.5,1.4,0.675,12.5,ECU,South America,4.0
Morocco,2012,Developing,73.6,99.0,19.0,0.55,19.15853732,99.0,668.0,55.5,22.0,99.0,6.15,99.0,0.1,294.746728,33333789.0,6.3,6.2,0.623,11.6,MAR,Africa,4.0
Venezuela (Bolivarian Republic of),2005,Developing,73.6,158.0,9.0,7.92,0.0,88.0,0.0,56.5,11.0,8.0,4.69,87.0,0.1,7483.158469138474,12753375.12,1.7,1.6,0.7,11.8,VEN,South America,5.0
Mauritius,2011,Developing,73.6,158.0,0.0,3.03,918.807245,98.0,2.0,31.3,0.0,98.0,5.2,98.0,0.1,9197.26972,125244.0,7.1,7.1,0.748,14.1,MUS,Africa,4.0
Other,2015,,73.58125,,,,,,,,,,,,,,,,,,,,North America,
Tunisia,2002,Developing,73.5,19.0,4.0,1.17,262.8184944,93.0,98.0,49.7,5.0,96.0,5.32,96.0,0.1,2346.5937,9864326.0,6.5,6.4,0.662,13.3,TUN,Africa,2.0
Tonga,2015,Developing,73.5,133.0,0.0,4.602860787172012,0.0,78.0,0.0,75.2,0.0,8.0,5.9381895280235995,78.0,0.1,493.775387,16364.0,0.1,0.1,0.718,14.3,TON,Oceania,4.0
Algeria,2006,Developing,73.4,132.0,20.0,0.36,270.2401962,8.0,944.0,49.8,23.0,95.0,3.36,95.0,0.1,3464.6179,33777915.0,6.1,6.0,0.686,12.3,DZA,Africa,2.0
Ecuador,2001,Developing,73.4,158.0,9.0,4.13,14.5887403,69.0,2.0,44.3,10.0,9.0,3.86,89.0,0.3,193.741571,12852755.0,1.6,1.5,0.67,12.4,ECU,South America,4.0
Morocco,2011,Developing,73.3,14.0,19.0,0.54,22.0945504,98.0,982.0,54.6,22.0,98.0,5.99,99.0,0.1,339.91616,32858823.0,6.3,6.2,0.612,11.2,MAR,Africa,5.0
Venezuela (Bolivarian Republic of),2004,Developing,73.3,161.0,10.0,7.55,0.0,82.0,0.0,55.9,11.0,83.0,4.78,86.0,0.1,7483.158469138474,12753375.12,1.7,1.6,0.687,11.6,VEN,South America,5.0
Mauritius,2010,Developing,73.3,163.0,0.0,2.95,0.108055973,99.0,12.0,3.7,0.0,99.0,5.29,99.0,0.2,8.376432,1254.0,7.2,7.2,0.74,14.0,MUS,Africa,3.0
Other,2014,,73.3,,,,,,,,,,,,,,,,,,,,North America,
Tonga,2014,Developing,73.3,135.0,0.0,0.01,565.9672173,8.0,0.0,74.8,0.0,82.0,5.18,8.0,0.1,4192.349758,15782.0,0.1,0.1,0.716,14.3,TON,Oceania,4.0
Other,2012,,73.2125,,,,,,,,,,,,,,,,,,,,North America,
Tunisia,2001,Developing,73.2,11.0,4.0,1.19,257.2878697,94.0,231.0,48.9,5.0,98.0,5.29,98.0,0.1,2254.933126,978571.0,6.5,6.4,0.654,13.1,TUN,Africa,1.0
Samoa,2012,Developing,73.2,136.0,0.0,0.01,492.0552263,64.0,1.0,73.4,0.0,62.0,5.2,64.0,0.1,4234.554443,189194.0,0.2,0.1,0.698,12.9,WSM,Oceania,3.0
Tonga,2013,Developing,73.2,137.0,0.0,0.01,584.9449886,82.0,0.0,74.3,0.0,84.0,4.98,82.0,0.1,4266.557174,15328.0,0.1,0.1,0.718,14.3,TON,Oceania,4.0
Venezuela (Bolivarian Republic of),2002,Developing,73.1,167.0,10.0,6.89,0.0,6.0,2392.0,54.7,12.0,81.0,4.93,65.0,0.1,7483.158469138474,12753375.12,1.7,1.7,0.684,11.0,VEN,South America,5.0
Other,2011,,73.0875,,,,,,,,,,,,,,,,,,,,North America,
Other,2015,,73.02857142857142,,,,,,,,,,,,,,,,,,,,South America,
Vanuatu,2007,Developing,73.0,157.0,0.0,1.01,342.4908556,6.0,0.0,46.6,0.0,67.0,3.67,67.0,0.1,2393.367265,219953.0,1.6,1.5,0.579,10.7,VUT,Oceania,3.0
Cabo Verde,2001,Developing,73.0,152.0,0.0,3.81,150.7434862,80.94046121593291,0.0,22.1,0.0,91.0,5.19,9.0,0.8,1268.884564,443716.0,9.4,9.3,0.562,11.0,CPV,Africa,2.0
Samoa,2011,Developing,73.0,139.0,0.0,2.15,558.7206486,58.0,0.0,72.9,0.0,6.0,5.8,65.0,0.1,3942.9827,187665.0,0.2,0.1,0.693,12.9,WSM,Oceania,3.0
Tonga,2012,Developing,73.0,138.0,0.0,0.01,63.80294988,77.0,0.0,73.8,0.0,79.0,4.51,77.0,0.1,451.542462,14951.0,0.1,0.1,0.717,14.4,TON,Oceania,4.0
Tunisia,2000,Developing,72.9,112.0,4.0,1.21,264.7842196,94.0,47.0,48.1,5.0,97.0,5.4,97.0,0.1,2213.91488,9699197.0,6.6,6.5,0.646,12.8,TUN,Africa,2.0
Mauritius,2007,Developing,72.9,161.0,0.0,3.24,582.5143743,97.0,13.0,29.1,0.0,96.0,4.24,97.0,0.1,6574.654338,123963.0,7.5,7.4,0.72,13.5,MUS,Africa,3.0
Algeria,2005,Developing,72.9,136.0,19.0,0.5,2.548922758,83.0,2302.0,48.9,22.0,88.0,3.24,88.0,0.1,31.122378,33288437.0,6.1,6.0,0.68,12.0,DZA,Africa,3.0
Libya,2012,Developing,72.9,133.0,2.0,0.01,0.0,98.0,320.0,61.8,2.0,98.0,4.3,98.0,0.1,7483.158469138474,12753375.12,5.6,5.4,0.706,13.7,LBY,Africa,5.0
Tonga,2011,Developing,72.9,14.0,0.0,0.96,7.033980828,82.0,0.0,73.3,0.0,84.0,4.6,82.0,0.1,445.18866,14577.0,0.1,0.1,0.712,14.4,TON,Oceania,4.0
Tonga,2010,Developing,72.8,142.0,0.0,1.24,471.8307668,82.0,0.0,72.7,0.0,84.0,4.59,82.0,0.1,3547.59975,14137.0,0.1,0.1,0.707,14.4,TON,Oceania,3.0
Morocco,2010,Developing,72.8,11.0,20.0,0.56,183.6592186,98.0,633.0,53.6,23.0,99.0,5.86,99.0,0.1,2834.2472,3249639.0,6.3,6.2,0.603,10.7,MAR,Africa,4.5
Mauritius,2009,Developing,72.8,166.0,0.0,2.83,624.2361828,99.0,15.0,3.2,0.0,99.0,4.97,99.0,0.1,7318.12641,1247429.0,7.3,7.3,0.734,13.8,MUS,Africa,3.0
Libya,2010,Developing,72.8,132.0,2.0,0.01,52.50394196,98.0,0.0,59.9,2.0,98.0,3.5,98.0,0.1,1212.56217,12753375.12,5.6,5.4,0.755,14.3,LBY,Africa,4.5
Other,2009,,72.7875,,,,,,,,,,,,,,,,,,,,North America,
Mauritius,2008,Developing,72.7,166.0,0.0,2.49,6.6489825,99.0,12.0,29.7,0.0,99.0,4.6,99.0,0.1,83.635,1244121.0,7.4,7.3,0.728,13.6,MUS,Africa,3.0
Libya,2009,Developing,72.7,132.0,2.0,0.01,63.55170297,98.0,329.0,59.0,2.0,98.0,3.16,98.0,0.1,1296.97353,12753375.12,5.6,5.4,0.757,14.6,LBY,Africa,4.0
Other,2014,,72.65714285714286,,,,,,,,,,,,,,,,,,,,South America,
Other,2013,,72.61388129933212,,,,,,,,,,,,,,,,,,,,North America,
Samoa,2010,Developing,72.6,144.0,0.0,3.01,434.7940679,57.0,8.0,72.5,0.0,57.0,5.7,62.0,0.1,3453.487434,18625.0,0.2,0.2,0.69,12.9,WSM,Oceania,4.0
Tonga,2008,Developing,72.6,145.0,0.0,1.1,569.6255035,84.0,0.0,71.5,0.0,88.0,5.13,86.0,0.1,3392.64743,135.0,0.1,0.1,0.698,14.5,TON,Oceania,4.0
Libya,2008,Developing,72.6,132.0,2.0,0.01,532.6700005,98.0,8.0,58.2,2.0,98.0,2.4,98.0,0.1,14396.4865,12753375.12,5.5,5.4,0.757,14.8,LBY,Africa,4.0
Other,2008,,72.58125,,,,,,,,,,,,,,,,,,,,North America,
Venezuela (Bolivarian Republic of),2001,Developing,72.5,169.0,10.0,8.05,0.0,53.0,115.0,54.1,12.0,87.0,5.21,7.0,0.1,7483.158469138474,12753375.12,1.8,1.7,0.672,10.4,VEN,South America,5.0
Tonga,2009,Developing,72.5,147.0,0.0,1.08,4.783805563,84.0,0.0,72.1,0.0,86.0,4.67,84.0,0.1,37.846563,1364.0,0.1,0.1,0.703,14.5,TON,Oceania,5.0
Tonga,2007,Developing,72.5,146.0,0.0,2.05,568.8692813,87.0,0.0,7.8,0.0,88.0,5.82,87.0,0.1,2932.315883,12357.0,0.1,0.1,0.698,14.5,TON,Oceania,4.0
Samoa,2008,Developing,72.5,146.0,0.0,3.97,47.35260547,12.0,0.0,71.4,0.0,54.0,4.52,26.0,0.1,359.82223,183526.0,0.2,0.2,0.688,12.9,WSM,Oceania,5.0
Libya,2007,Developing,72.5,132.0,2.0,0.01,54.8789106,98.0,59.0,57.4,3.0,98.0,2.63,98.0,0.1,1138.56661,12753375.12,5.5,5.4,0.756,15.1,LBY,Africa,4.0
Cabo Verde,2009,Developing,72.4,124.0,0.0,4.45,339.9777364,98.0,0.0,26.8,0.0,99.0,4.24,99.0,0.4,3444.5566,496963.0,7.6,7.6,0.621,12.4,CPV,Africa,5.0
Cabo Verde,2008,Developing,72.4,124.0,0.0,4.16,360.6208825,98.0,0.0,26.2,0.0,99.0,3.96,99.0,0.4,3638.95946,491723.0,7.8,7.8,0.615,12.2,CPV,Africa,5.0
Tonga,2006,Developing,72.4,148.0,0.0,1.79,503.5881956,89.0,0.0,7.1,0.0,89.0,5.61,88.0,0.1,2892.522663,11689.0,0.1,0.1,0.695,14.6,TON,Oceania,3.0
Other,2007,,72.325,,,,,,,,,,,,,,,,,,,,North America,
Tonga,2005,Developing,72.3,15.0,0.0,1.57,689.9440223,89.0,0.0,69.4,0.0,9.0,6.52,89.0,0.1,2594.74999,1141.0,0.1,0.1,0.694,14.6,TON,Oceania,3.0
Cabo Verde,2007,Developing,72.3,126.0,0.0,5.28,345.463714,96.0,0.0,25.5,0.0,98.0,4.3,98.0,0.6,3112.285712,486438.0,8.1,8.0,0.602,11.9,CPV,Africa,5.0
Algeria,2004,Developing,72.3,14.0,19.0,0.45,220.393699,81.0,3289.0,47.9,23.0,86.0,3.54,86.0,0.1,2598.9823,3283196.0,6.2,6.1,0.673,11.7,DZA,Africa,2.0
Tonga,2004,Developing,72.2,151.0,0.0,1.8,423.2953509,9.0,0.0,68.6,0.0,91.0,4.87,9.0,0.1,2284.37858,146.0,0.1,0.1,0.693,14.6,TON,Oceania,3.0
Samoa,2007,Developing,72.2,149.0,0.0,3.85,47.73638191,46.0,0.0,7.9,0.0,49.0,5.25,53.0,0.1,322.543121,182286.0,0.2,0.2,0.682,12.9,WSM,Oceania,5.0
Seychelles,2006,Developing,72.2,185.0,0.0,8.12,102.373909,99.0,10.0,3.7,0.0,99.0,3.73,99.0,0.1,1214.39987,846.0,5.9,6.3,0.728,13.1,SYC,Africa,3.5
Seychelles,2005,Developing,72.2,185.0,0.0,7.82,21.4653132,99.0,0.0,3.1,0.0,99.0,3.91,99.0,0.1,1192.5174,82858.0,6.0,6.4,0.712,12.1,SYC,Africa,4.0
Libya,2006,Developing,72.2,134.0,2.0,0.01,493.415341,98.0,1.0,56.7,3.0,98.0,2.51,98.0,0.1,9344.987518,12753375.12,5.5,5.4,0.752,15.4,LBY,Africa,3.5
Other,2011,,72.12857142857142,,,,,,,,,,,,,,,,,,,,South America,
Other,2013,,72.11428571428571,,,,,,,,,,,,,,,,,,,,South America,
Seychelles,2002,Developing,72.1,186.0,0.0,11.15,562.3601848,99.0,0.0,28.1,0.0,99.0,4.21,99.0,0.1,8331.261997,83723.0,6.1,6.6,0.712,12.1,SYC,Africa,3.0
Mauritius,2005,Developing,72.1,168.0,0.0,3.94,479.9234077,97.0,7.0,28.0,0.0,97.0,4.47,97.0,0.1,5116.45424,1228254.0,7.7,7.6,0.704,13.0,MUS,Africa,5.0
Seychelles,2004,Developing,72.1,186.0,0.0,7.91,12.94324581,99.0,0.0,29.2,0.0,99.0,4.17,99.0,0.1,1176.65871,82475.0,6.0,6.4,0.715,12.3,SYC,Africa,3.0
Cabo Verde,2006,Developing,72.1,129.0,0.0,4.25,26.45133197,95.0,0.0,24.9,0.0,97.0,5.11,96.0,0.6,234.28992,48795.0,8.3,8.3,0.596,11.9,CPV,Africa,5.0
Seychelles,2003,Developing,72.1,185.0,0.0,7.41,843.1186662,99.0,0.0,28.7,0.0,99.0,4.64,99.0,0.1,8524.961236,82781.0,6.1,6.5,0.713,12.1,SYC,Africa,2.0
Other,2006,,72.04375,,,,,,,,,,,,,,,,,,,,North America,
Samoa,2000,Developing,72.0,18.0,0.0,3.0,21.2543002,89.0,0.0,65.6,0.0,94.0,5.31,95.0,0.1,154.68923,17461.0,0.2,0.2,0.64,12.1,WSM,Oceania,3.0
Tonga,2003,Developing,72.0,153.0,0.0,1.79,45.85105771,85.0,0.0,67.8,0.0,91.0,5.9,9.0,0.1,229.714718,99789.0,0.1,0.1,0.683,13.7,TON,Oceania,4.0
Vanuatu,2015,Developing,72.0,13.0,0.0,4.602860787172012,0.0,64.0,39.0,53.3,0.0,65.0,5.9381895280235995,64.0,0.1,285.83414,26463.0,1.5,1.4,0.598,10.8,VUT,Oceania,5.0
Seychelles,2001,Developing,72.0,187.0,0.0,6.72,643.7035752,96.0,0.0,27.6,0.0,96.0,4.45,96.0,0.1,7663.1378,8122.0,6.2,6.6,0.714,12.2,SYC,Africa,3.0
Morocco,2004,Developing,72.0,142.0,23.0,0.56,100.3638322,95.0,6399.0,48.2,27.0,97.0,5.22,97.0,0.1,1948.812275,3179285.0,6.5,6.4,0.561,9.6,MAR,Africa,4.0
Samoa,2006,Developing,72.0,153.0,0.0,3.52,40.22855669,35.0,0.0,7.3,0.0,37.0,4.68,39.0,0.1,287.963899,18194.0,0.2,0.2,0.677,12.7,WSM,Oceania,4.0
Other,2015,,71.97857142857143,,,,,,,,,,,,,,,,,,,,Asia,
Other,2002,,71.9125,,,,,,,,,,,,,,,,,,,,North America,
Tonga,2002,Developing,71.9,155.0,0.0,1.51,310.8203382,88.0,0.0,67.0,0.0,85.0,5.3,84.0,0.1,1842.44421,99184.0,0.1,0.1,0.679,13.5,TON,Oceania,4.0
Mauritius,2004,Developing,71.9,168.0,0.0,4.16,509.3899943,98.0,28.0,27.5,0.0,98.0,4.29,98.0,0.1,5229.876738,12213.0,7.8,7.7,0.696,12.8,MUS,Africa,5.0
Other,2012,,71.85714285714286,,,,,,,,,,,,,,,,,,,,South America,
Seychelles,2000,Developing,71.8,188.0,0.0,8.24,601.7608115,98.0,0.0,27.1,0.0,98.0,4.62,98.0,0.1,7578.85153,81131.0,6.3,6.7,0.0,12.3,SYC,Africa,3.0
Tonga,2001,Developing,71.8,157.0,0.0,1.35,330.1007394,91.0,4.0,66.2,0.0,91.0,5.66,89.0,0.1,1837.977391,98611.0,0.1,0.1,0.674,13.2,TON,Oceania,4.0
Other,2014,,71.70714285714286,,,,,,,,,,,,,,,,,,,,Asia,
Algeria,2003,Developing,71.7,146.0,20.0,0.34,25.0185226,80.94046121593291,15374.0,47.0,23.0,87.0,3.6,87.0,0.1,294.33556,3243514.0,6.3,6.1,0.663,11.5,DZA,Africa,3.0
Vanuatu,2014,Developing,71.7,134.0,0.0,0.01,564.8167043,64.0,10.0,52.5,0.0,65.0,5.2,64.0,0.1,3148.36513,25885.0,1.5,1.4,0.596,10.8,VUT,Oceania,5.0
Other,2010,,71.68571428571428,,,,,,,,,,,,,,,,,,,,South America,
Samoa,2005,Developing,71.6,16.0,0.0,3.63,287.4671305,41.0,0.0,69.7,0.0,55.0,4.47,49.0,0.1,2571.262348,179929.0,0.2,0.2,0.671,12.6,WSM,Oceania,4.0
Algeria,2002,Developing,71.6,145.0,20.0,0.36,148.5119843,80.94046121593291,5862.0,46.1,23.0,86.0,3.73,86.0,0.1,1774.33673,3199546.0,6.3,6.2,0.653,11.1,DZA,Africa,4.0
Vanuatu,2013,Developing,71.6,135.0,0.0,0.01,447.545645,64.0,0.0,51.7,0.0,65.0,3.92,64.0,0.1,3167.34356,253142.0,1.5,1.4,0.591,10.8,VUT,Oceania,5.0
Tonga,2000,Developing,71.6,158.0,0.0,1.24,40.49128897,93.0,0.0,65.5,0.0,91.0,4.75,91.0,0.1,263.27236,9882.0,0.1,0.1,0.676,13.7,TON,Oceania,4.0
Other,2005,,71.53125,,,,,,,,,,,,,,,,,,,,North America,
Mauritius,2001,Developing,71.5,177.0,0.0,4.38,70.15536981,92.0,0.0,25.8,0.0,93.0,3.87,92.0,0.1,3792.182152,1196287.0,8.0,8.0,0.673,12.2,MUS,Africa,4.0
Mauritius,2002,Developing,71.5,179.0,0.0,4.14,369.6317105,88.0,0.0,26.4,0.0,88.0,4.24,88.0,0.1,3957.51296,124621.0,7.9,7.9,0.683,12.5,MUS,Africa,5.0
Mauritius,2003,Developing,71.5,174.0,0.0,4.08,407.779262,97.0,777.0,26.9,0.0,99.0,4.15,99.0,0.1,4623.347642,121337.0,7.9,7.8,0.687,12.6,MUS,Africa,4.0
Other,2013,,71.45,,,,,,,,,,,,,,,,,,,,Asia,
Other,2010,,71.4375,,,,,,,,,,,,,,,,,,,,North America,
Samoa,2004,Developing,71.4,162.0,0.0,3.62,310.6117683,54.0,0.0,68.9,0.0,26.0,4.45,55.0,0.1,2351.33814,178781.0,0.2,0.2,0.665,12.4,WSM,Oceania,4.0
Algeria,2001,Developing,71.4,145.0,20.0,0.23,147.9860714,80.94046121593291,2686.0,45.3,24.0,89.0,3.84,89.0,0.1,1732.857979,31592153.0,6.4,6.3,0.644,10.9,DZA,Africa,5.0
Vanuatu,2012,Developing,71.4,138.0,0.0,0.01,427.9885222,64.0,0.0,5.8,0.0,65.0,3.7,64.0,0.1,3158.58688,247485.0,1.5,1.4,0.592,10.8,VUT,Oceania,5.0
Other,2012,,71.34761904761905,,,,,,,,,,,,,,,,,,,,Asia,
Other,2001,,71.3,,,,,,,,,,,,,,,,,,,,North America,
Algeria,2000,Developing,71.3,145.0,21.0,0.25,154.4559436,80.94046121593291,0.0,44.4,25.0,86.0,3.49,86.0,0.1,1757.17797,3118366.0,6.5,6.4,0.636,10.7,DZA,Africa,4.0
Libya,2003,Developing,71.3,144.0,3.0,0.01,295.1166511,96.0,0.0,54.6,3.0,95.0,4.6,95.0,0.1,4676.96753,12753375.12,5.6,5.4,0.74,16.0,LBY,Africa,5.0
Other,2003,,71.2875,,,,,,,,,,,,,,,,,,,,North America,
Other,2011,,71.20476190476191,,,,,,,,,,,,,,,,,,,,Asia,
Vanuatu,2011,Developing,71.2,141.0,0.0,0.85,457.9731742,63.0,0.0,49.9,0.0,65.0,3.85,65.0,0.1,3275.91684,241871.0,1.5,1.4,0.591,10.8,VUT,Oceania,5.0
Other,2009,,71.12857142857142,,,,,,,,,,,,,,,,,,,,South America,
Other,2000,,71.05625,,,,,,,,,,,,,,,,,,,,North America,
Other,2004,,71.025,,,,,,,,,,,,,,,,,,,,North America,
Vanuatu,2006,Developing,71.0,161.0,0.0,1.0,43.19780767,59.0,0.0,45.7,0.0,67.0,3.96,68.0,0.1,247.97823,214634.0,1.6,1.5,0.572,10.6,VUT,Oceania,5.0
Mauritius,2000,Developing,71.0,177.0,0.0,4.6,336.3213326,88.0,0.0,25.3,0.0,88.0,3.78,88.0,0.1,3861.32414,1186873.0,8.1,8.1,0.667,12.1,MUS,Africa,5.0
Vanuatu,2010,Developing,71.0,145.0,0.0,0.91,471.8626525,62.0,0.0,49.1,0.0,66.0,4.71,65.0,0.1,2965.82434,236295.0,1.5,1.4,0.59,10.8,VUT,Oceania,5.0
Other,2008,,70.9,,,,,,,,,,,,,,,,,,,,South America,
Other,2010,,70.86190476190475,,,,,,,,,,,,,,,,,,,,Asia,
Other,2009,,70.68333333333332,,,,,,,,,,,,,,,,,,,,Asia,
Other,2007,,70.67142857142856,,,,,,,,,,,,,,,,,,,,South America,
Other,2006,,70.38571428571429,,,,,,,,,,,,,,,,,,,,South America,
Other,2008,,70.06428571428572,,,,,,,,,,,,,,,,,,,,Asia,
Other,2005,,70.04285714285714,,,,,,,,,,,,,,,,,,,,South America,
Vanuatu,2005,Developing,69.9,165.0,0.0,0.88,337.2942846,61.0,3.0,44.9,0.0,67.0,3.87,68.0,0.1,1886.433359,2937.0,1.6,1.5,0.0,10.6,VUT,Oceania,5.0
Other,2007,,69.85714285714286,,,,,,,,,,,,,,,,,,,,Asia,
Other,2003,,69.775,,,,,,,,,,,,,,,,,,,,South America,
Other,2004,,69.62857142857142,,,,,,,,,,,,,,,,,,,,South America,
Vanuatu,2004,Developing,69.6,169.0,0.0,0.85,334.1673373,63.0,0.0,44.1,0.0,67.0,4.12,69.0,0.1,1787.94723,24143.0,1.6,1.5,0.0,10.7,VUT,Oceania,5.0
Other,2006,,69.44761904761906,,,,,,,,,,,,,,,,,,,,Asia,
Vanuatu,2003,Developing,69.4,173.0,0.0,1.2,27.29839073,64.0,165.0,43.3,0.0,67.0,4.2,69.0,0.1,158.52724,198964.0,1.6,1.6,0.0,10.4,VUT,Oceania,5.0
Vanuatu,2002,Developing,69.3,176.0,0.0,1.24,171.1373611,66.0,101.0,42.6,0.0,67.0,3.52,7.0,0.1,1353.934819,193956.0,1.7,1.6,0.0,10.2,VUT,Oceania,5.0
Other,2002,,69.2,,,,,,,,,,,,,,,,,,,,South America,
Other,2005,,69.16904761904762,,,,,,,,,,,,,,,,,,,,Asia,
Vanuatu,2001,Developing,69.1,179.0,0.0,0.91,163.105292,68.0,7.0,41.9,0.0,67.0,3.37,7.0,0.1,1362.61731,18929.0,1.7,1.6,0.0,10.1,VUT,Oceania,5.0
Other,2000,,69.07142857142857,,,,,,,,,,,,,,,,,,,,South America,
Vanuatu,2000,Developing,69.0,18.0,0.0,1.21,21.90075232,7.0,9.0,41.1,0.0,67.0,3.28,71.0,0.1,1469.849149,18563.0,1.7,1.7,0.0,9.6,VUT,Oceania,5.0
Other,2001,,68.92857142857143,,,,,,,,,,,,,,,,,,,,South America,
Other,2004,,68.84285714285714,,,,,,,,,,,,,,,,,,,,Asia,
Other,2001,,68.76976744186047,,,,,,,,,,,,,,,,,,,,Asia,
Other,2003,,68.71904761904761,,,,,,,,,,,,,,,,,,,,Asia,
Other,2002,,68.42142857142856,,,,,,,,,,,,,,,,,,,,Asia,
Other,2013,,68.07774741955069,,,,,,,,,,,,,,,,,,,,Oceania,
Other,2000,,67.91666666666667,,,,,,,,,,,,,,,,,,,,Asia,
Other,2015,,67.54,,,,,,,,,,,,,,,,,,,,Oceania,
Other,2006,,67.42,,,,,,,,,,,,,,,,,,,,Oceania,
Other,2014,,67.34,,,,,,,,,,,,,,,,,,,,Oceania,
Other,2012,,67.0,,,,,,,,,,,,,,,,,,,,Oceania,
Other,2011,,66.82000000000001,,,,,,,,,,,,,,,,,,,,Oceania,
Other,2010,,66.64,,,,,,,,,,,,,,,,,,,,Oceania,
Other,2005,,66.5,,,,,,,,,,,,,,,,,,,,Oceania,
Other,2009,,66.46000000000001,,,,,,,,,,,,,,,,,,,,Oceania,
Other,2008,,66.32000000000001,,,,,,,,,,,,,,,,,,,,Oceania,
Other,2007,,66.1,,,,,,,,,,,,,,,,,,,,Oceania,
Other,2004,,65.52000000000001,,,,,,,,,,,,,,,,,,,,Oceania,
Other,2003,,65.32000000000001,,,,,,,,,,,,,,,,,,,,Oceania,
Other,2001,,64.92,,,,,,,,,,,,,,,,,,,,Oceania,
Other,2002,,64.9,,,,,,,,,,,,,,,,,,,,Oceania,
Other,2000,,64.7,,,,,,,,,,,,,,,,,,,,Oceania,
Other,2015,,61.33061224489796,,,,,,,,,,,,,,,,,,,,Africa,
Other,2014,,60.95918367346939,,,,,,,,,,,,,,,,,,,,Africa,
Other,2013,,60.92857142857143,,,,,,,,,,,,,,,,,,,,Africa,
Other,2012,,60.077551020408166,,,,,,,,,,,,,,,,,,,,Africa,
Other,2011,,59.173469387755105,,,,,,,,,,,,,,,,,,,,Africa,
Other,2010,,58.68775510204081,,,,,,,,,,,,,,,,,,,,Africa,
Other,2009,,58.453061224489794,,,,,,,,,,,,,,,,,,,,Africa,
Other,2008,,57.62040816326531,,,,,,,,,,,,,,,,,,,,Africa,
Other,2007,,56.518367346938774,,,,,,,,,,,,,,,,,,,,Africa,
Other,2006,,55.82857142857143,,,,,,,,,,,,,,,,,,,,Africa,
Other,2005,,55.44081632653061,,,,,,,,,,,,,,,,,,,,Africa,
Other,2004,,54.23877551020408,,,,,,,,,,,,,,,,,,,,Africa,
Other,2003,,53.87346938775511,,,,,,,,,,,,,,,,,,,,Africa,
Other,2002,,53.844897959183676,,,,,,,,,,,,,,,,,,,,Africa,
Other,2001,,53.47142857142857,,,,,,,,,,,,,,,,,,,,Africa,
Other,2000,,52.85510204081633,,,,,,,,,,,,,,,,,,,,Africa,
